PTN核心链路名称,地市,备注,日期,省,链路带宽(10GE/40GE),链路日峰值利用率(填百分数),链路日峰值流速(Mb),链路日忙时均值利用率(填百分数),链路日忙时均值流速(Mb),分类
1000-高新核心1-子架1-3-TPA1EX8S-2(1009-高新7-EX2-1)-1009-高新落地2-子架1-3-TPA1EX8S-1(1000-高新 6-EX2-1),焦作,0.0,20200301,河南,10,4.67%,467.0,3.55%,355.07,核心链路
1000-高新核心1-子架1-4-TPA1EX8S-1(1008-高新 7-EX2-2)-1008-高新落地1-子架1-3-TPA1EX8S-1(1000-高新6-EX2-2),焦作,0.0,20200301,河南,10,5.17%,517.0,4.14%,414.12,核心链路
1008-高新落地一-子架1-10-TPA1EX8S-1(1013-高新 11-EX2-2)-1013-高新核心3-11-82EX2-2(1008-高新-12-EX2-2),焦作,0.0,20200301,河南,10,6.58%,658.0,5.22%,522.13,核心链路
1008-高新落地一-子架1-4-TPA1EX8S-1(1006-高新6-EX2-2)-1006-高新核心2-6-82EX2-2(1008-高新7-EX2-1),焦作,0.0,20200301,河南,10,13.00%,1300.0,10.81%,1080.77,核心链路
1008-高新落地一-子架1-9-TPA1EX8S-1(1016-高新 11-EX2-2)-1016-高新核心4-11-82EX2-2(1008-高新-12-EX2-1),焦作,0.0,20200301,河南,10,12.00%,1200.0,9.86%,986.36,核心链路
1009-高新落地二-子架1-10-TPA1EX8S-1(1013-高新 12-EX2-2)-1013-高新核心3-12-82EX2-2(1009-高新-12-EX2-1),焦作,0.0,20200301,河南,10,4.78%,478.0,3.70%,369.89,核心链路
1009-高新落地二-子架1-10-TPA1EX8S-2(PORT-2)-1006-高新核心2-11-82EX2-2(PORT-2),焦作,0.0,20200301,河南,10,0.85%,85.33,0.84%,84.13,核心链路
1009-高新落地二-子架1-4-TPA1EX8S-1(1006-高新-6-EX2-1)-1006-高新核心2-6-82EX2-1(1009-高新7-EX2-2),焦作,0.0,20200301,河南,10,1.45%,144.9,1.45%,144.6,核心链路
1009-高新落地二-子架1-9-TPA1EX8S-1(1016-高新-12-EX2-2)-1016-高新核心4-12-82EX2-2(1009-高新-12-EX2-2),焦作,0.0,20200301,河南,10,2.50%,250.41,2.47%,246.65,核心链路
3003-澳通苑1-子架1-10-TPA1EX8S-5(PORT-5)-8012-澳通苑-主L2/L3-1-子架1-7-TPA1EX8-5(PORT-5),焦作,0.0,20200301,河南,10,22.00%,2200.0,18.29%,1828.61,核心链路
8018-铭源新城-备L2/L3-2-子架1-6-TPA1EX8-2(PORT-2)-7001-铭源新城-5-82EX2E-2(PORT-2),焦作,0.0,20200301,河南,10,2.44%,244.0,1.74%,174.44,核心链路
	#@!JIZCORELINK(10)$焦作市核心调度环19-郊县:5003-凤凰路替换-子架1-3-TPA1EX8S-3(PORT-3)-8014-凤凰路-备L2/L3-2-子架1-7-TPA1EX8-1(PORT-1),焦作,0.0,20200301,河南,10,0.40%,40.0,0.40%,39.5,核心链路
	#@!JIZCORELINK(10)$焦作市核心调度环19-郊县:5003-凤凰路替换-子架1-3-TPA1EX8S-4(PORT-4)-8014-凤凰路-备L2/L3-2-子架1-7-TPA1EX8-2(PORT-2),焦作,0.0,20200301,河南,10,0.98%,98.0,0.34%,34.15,核心链路
	#@!JIZCORELINK(10)$焦作市核心调度环19-郊县:5003-凤凰路替换-子架1-4-TPA1EX8S-3(PORT-3)-8014-凤凰路-备L2/L3-2-子架1-7-TPA1EX8-5(PORT-5),焦作,0.0,20200301,河南,10,0.35%,35.0,0.40%,40.39,核心链路
	#@!JIZCORELINK(10)$焦作市核心调度环19-郊县:5003-凤凰路替换-子架1-4-TPA1EX8S-4(PORT-4)-8014-凤凰路-备L2/L3-2-子架1-7-TPA1EX8-6(PORT-6),焦作,0.0,20200301,河南,10,0.47%,47.0,0.45%,45.39,核心链路
	#@!JIZCORELINK(11)$焦作市核心调度环19-郊县:5011-孟州2-12-82EX2-1(PORT-1)-8013-孟州-主L2/L3-1-子架1-7-TPA1EX8-5(PORT-5),焦作,0.0,20200301,河南,10,21.00%,2100.0,17.86%,1786.29,核心链路
	#@!JIZCORELINK(11)$焦作市核心调度环19-郊县:5011-孟州2-12-82EX2-2(PORT-2)-8013-孟州-主L2/L3-1-子架1-7-TPA1EX8-6(PORT-6),焦作,0.0,20200301,河南,10,29.00%,2900.0,24.93%,2492.86,核心链路
	#@!JIZCORELINK(11)$焦作市核心调度环19-郊县:8013-孟州-L2/L3-子架1-7-TPA1EX8-1(PORT-1)-5011-孟州2-13-82EX2-1(PORT-1),焦作,0.0,20200301,河南,10,17.00%,1700.0,15.05%,1505.0,核心链路
	#@!JIZCORELINK(11)$焦作市核心调度环19-郊县:8013-孟州-L2/L3-子架1-7-TPA1EX8-2(PORT-2)-5011-孟州2-13-82EX2-2(PORT-2),焦作,0.0,20200301,河南,10,11.00%,1100.0,8.55%,854.62,核心链路
	#@!JIZCORELINK(12)$焦作市核心调度环20-郊县:6001-锦绣江南-4-82EX2-1(PORT-1)-8016-锦绣江南L2/3-2-子架1-7-TPA1EX8-5(PORT-5),焦作,0.0,20200301,河南,10,0.30%,30.0,0.29%,29.32,核心链路
	#@!JIZCORELINK(12)$焦作市核心调度环20-郊县:6001-锦绣江南-4-82EX2-2(PORT-2)-8016-锦绣江南L2/3-2-子架1-7-TPA1EX8-6(PORT-6),焦作,0.0,20200301,河南,10,1.40%,140.0,1.18%,117.71,核心链路
	#@!JIZCORELINK(12)$焦作市核心调度环20-郊县:8016-锦绣江南L2/3-2-子架1-7-TPA1EX8-1(PORT-1)-6001-锦绣江南-14-82EX2-1(PORT-1),焦作,0.0,20200301,河南,10,29.00%,2900.0,26.07%,2607.24,核心链路
	#@!JIZCORELINK(12)$焦作市核心调度环20-郊县:8016-锦绣江南L2/3-2-子架1-7-TPA1EX8-2(PORT-2)-6001-锦绣江南-14-82EX2-2(PORT-2),焦作,0.0,20200301,河南,10,40.00%,4000.0,34.92%,3491.66,核心链路
	#@!JIZCORELINK(13)$焦作市核心调度环20-郊县:8015-沁阳L2/3-1-子架1-7-TPA1EX8-5(PORT-5)-6013-沁阳2-6-82EX2-1(PORT-1),焦作,0.0,20200301,河南,10,18.00%,1800.0,15.16%,1515.77,核心链路
	#@!JIZCORELINK(13)$焦作市核心调度环20-郊县:8015-沁阳L2/3-1-子架1-7-TPA1EX8-6(PORT-6)-6013-沁阳2-6-82EX2-2(PORT-2),焦作,0.0,20200301,河南,10,16.00%,1600.0,12.82%,1282.15,核心链路
	#@!JIZCORELINK(13)$焦作市核心调度环20-郊县:8015-沁阳-子架1-7-TPA1EX8-1(PORT-1)-6013-沁阳2-14-82EX2-1(PORT-1),焦作,0.0,20200301,河南,10,0.32%,32.0,0.37%,37.2,核心链路
	#@!JIZCORELINK(13)$焦作市核心调度环20-郊县:8015-沁阳-子架1-7-TPA1EX8-2(PORT-2)-6013-沁阳2-14-82EX2-2(PORT-2),焦作,0.0,20200301,河南,10,1.53%,153.0,0.92%,92.29,核心链路
	#@!JIZCORELINK(14)$焦作市核心调度环21-郊县:8011-武陟-L2/L3-子架1-7-TPA1EX8-2(PORT-2)-3011-武陟机房2-7-82EX2-1(PORT-1),焦作,0.0,20200301,河南,10,0.33%,33.0,0.33%,32.98,核心链路
	#@!JIZCORELINK(14)$焦作市核心调度环21-郊县:8011-武陟-L2/L3-子架1-7-TPA1EX8-3(PORT-3)-3011-武陟机房2-7-82EX2-2(PORT-2),焦作,0.0,20200301,河南,10,0.47%,47.38,0.43%,42.8,核心链路
	#@!JIZCORELINK(15)$焦作市核心调度环21-郊县:8011-武陟-L2/L3-子架1-7-TPA1EX8-1(PORT-1)-3000-武陟-6-82EX2-1(PORT-1),焦作,0.0,20200301,河南,10,0.00%,0.0,0.00%,0.0,核心链路
	#@!JIZCORELINK(16)$焦作市核心调度环21-郊县:3003-澳通苑1-子架1-4-TPA1EX8S-3(8012-澳通苑-7-1)-8012-澳通苑-主L2/L3-1-子架1-7-TPA1EX8-1(PORT-1),焦作,0.0,20200301,河南,10,28.00%,2800.0,24.94%,2493.76,核心链路
	#@!JIZCORELINK(16)$焦作市核心调度环21-郊县:3003-澳通苑1-子架1-4-TPA1EX8S-4(8012-澳通苑-7-2)-8012-澳通苑-主L2/L3-1-子架1-7-TPA1EX8-2(PORT-2),焦作,0.0,20200301,河南,10,49.00%,4900.0,44.53%,4453.13,核心链路
	#@!JIZCORELINK(17)$焦作市核心调度环22-市区:1034-高新替换-子架1-3-TPA1EX8S-1(PORT-1)-8001-高新-L2/L3-子架1-2(GigabitEthernet8/2/2),焦作,0.0,20200301,河南,10,1.36%,135.63,1.04%,103.92,核心链路
	#@!JIZCORELINK(17)$焦作市核心调度环22-市区:1036-生产楼-子架1-3-TPA1EX8S-3(PORT-3)-8003-生产楼-L2/L3-子架1-2(GigabitEthernet8/2/2),焦作,0.0,20200301,河南,10,22.00%,2200.0,19.15%,1914.55,核心链路
	#@!JIZCORELINK(1)$:8000-高新-L3-子架1-14-TPA1EX8S-2(PORT-2)-8011-武陟-备L2/L3-2-子架1-4-TPA1EX8-2(PORT-2),焦作,0.0,20200301,河南,10,0.00%,0.0,0.00%,0.0,核心链路
	#@!JIZCORELINK(1)$:8000-高新-L3-子架1-14-TPA1EX8S-3(OTN8001-高新031-TQX-1)-8011-武陟-备L2/L3-2-子架1-4-TPA1EX8-3(OTN3001-武陟413-TQX-3),焦作,0.0,20200301,河南,10,0.00%,0.0,0.00%,0.0,核心链路
	#@!JIZCORELINK(1)$:8011-武陟-备L2/L3-2-子架1-4-TPA1EX8-4(OTN3001-武陟411-TQX-1)-8000-高新-L3-子架1-14-TPA1EX8S-4(OTN8001-高新129-TQX-1),焦作,0.0,20200301,河南,10,0.00%,0.0,0.00%,0.0,核心链路
	#@!JIZCORELINK(1)$:8011-武陟-备L2/L3-2-子架1-4-TPA1EX8-5(OTN3001-武陟411-TQX-2)-8000-高新-L3-子架1-14-TPA1EX8S-5(OTN8001-高新129-TQX-2),焦作,0.0,20200301,河南,10,0.00%,0.0,0.00%,0.0,核心链路
	#@!JIZCORELINK(1)$:8011-武陟-备L2/L3-2-子架1-4-TPA1EX8-6(OTN3001-武陟411-TQX-3)-8000-高新-L3-子架1-14-TPA1EX8S-6(OTN8001-高新129-TQX-3),焦作,0.0,20200301,河南,10,0.00%,0.0,0.00%,0.0,核心链路
	#@!JIZCORELINK(18)$焦作市核心调度环23-市区:1035-高新-子架1-4-TPA1EX8S-1(PORT-1)-8001-高新-L2/L3-子架1-3(GigabitEthernet8/2/3),焦作,0.0,20200301,河南,10,2.16%,216.0,1.08%,107.58,核心链路
	#@!JIZCORELINK(18)$焦作市核心调度环23-市区:1037-生产楼-子架1-3-TPA1EX8S-3(PORT-3)-8003-生产楼-L2/L3-子架1-3(GigabitEthernet8/2/3),焦作,0.0,20200301,河南,10,19.00%,1900.0,15.12%,1511.61,核心链路
	#@!JIZCORELINK(19)$:8000-高新-L3-子架1-1-TPA1EX8S-6(PORT-6)-8004-高新-2-L2/L3-子架1-3(GigabitEthernet1/2/3),焦作,0.0,20200301,河南,10,0.02%,1.54,0.01%,1.43,核心链路
	#@!JIZCORELINK(19)$:8000-高新-L3-子架1-1-TPA1EX8S-7(PORT-7)-8004-高新-2-L2/L3-子架1-4(GigabitEthernet1/2/4),焦作,0.0,20200301,河南,10,0.01%,1.5,0.01%,1.35,核心链路
	#@!JIZCORELINK(19)$:8000-高新-L3-子架1-2-TPA1EX8S-1(PORT-1)-8004-高新-2-L2/L3-子架1-0(GigabitEthernet1/0/0),焦作,0.0,20200301,河南,10,0.84%,83.7,0.84%,83.56,核心链路
	#@!JIZCORELINK(19)$:8000-高新-L3-子架1-2-TPA1EX8S-2(PORT-2)-8004-高新-2-L2/L3-子架1-1(GigabitEthernet1/0/1),焦作,0.0,20200301,河南,10,0.01%,0.92,0.01%,0.92,核心链路
	#@!JIZCORELINK(19)$:8000-高新-L3-子架1-2-TPA1EX8S-3(PORT-3)-8004-高新-2-L2/L3-子架1-2(GigabitEthernet1/0/2),焦作,0.0,20200301,河南,10,0.01%,0.71,0.01%,0.71,核心链路
	#@!JIZCORELINK(19)$:8000-高新-L3-子架1-2-TPA1EX8S-4(TO-8004-1/0/3)-8004-高新-2-L2/L3-子架1-3(GigabitEthernet1/0/3),焦作,0.0,20200301,河南,10,0.00%,0.4,0.00%,0.4,核心链路
	#@!JIZCORELINK(19)$:8000-高新-L3-子架1-2-TPA1EX8S-5(TO-8004-1/0/4)-8004-高新-2-L2/L3-子架1-4(GigabitEthernet1/0/4),焦作,0.0,20200301,河南,10,0.00%,0.4,0.00%,0.4,核心链路
	#@!JIZCORELINK(19)$:8000-高新-L3-子架1-2-TPA1EX8S-6(PORT-6)-8004-高新-2-L2/L3-子架1-0(GigabitEthernet1/2/0),焦作,0.0,20200301,河南,10,0.02%,1.97,0.02%,1.85,核心链路
	#@!JIZCORELINK(19)$:8000-高新-L3-子架1-2-TPA1EX8S-7(PORT-7)-8004-高新-2-L2/L3-子架1-1(GigabitEthernet1/2/1),焦作,0.0,20200301,河南,10,0.01%,1.46,0.01%,1.34,核心链路
	#@!JIZCORELINK(19)$:8000-高新-L3-子架1-2-TPA1EX8S-8(PORT-8)-8004-高新-2-L2/L3-子架1-2(GigabitEthernet1/2/2),焦作,0.0,20200301,河南,10,0.02%,1.6,0.02%,1.53,核心链路
	#@!JIZCORELINK(1)$:LTE骨干调度环3-焦作市:8000-高新-L3-子架1-14-TPA1EX8S-1(8011-4-EX8-1)-8011-武陟-备L2/L3-2-子架1-4-TPA1EX8-1(8000-10-0-0),焦作,0.0,20200301,河南,10,0.00%,0.0,0.00%,0.0,核心链路
	#@!JIZCORELINK(20)$:8002-生产楼-L3-子架1-1-TPA1EX8S-6(PORT-6)-8005-生产楼-2-L2/L3-子架1-3(GigabitEthernet1/2/3),焦作,0.0,20200301,河南,10,9.79%,979.0,6.27%,626.95,核心链路
	#@!JIZCORELINK(20)$:8002-生产楼-L3-子架1-1-TPA1EX8S-7(PORT-7)-8005-生产楼-2-L2/L3-子架1-4(GigabitEthernet1/2/4),焦作,0.0,20200301,河南,10,8.40%,840.0,6.14%,614.31,核心链路
	#@!JIZCORELINK(20)$:8002-生产楼-L3-子架1-2-TPA1EX8S-1(PORT-1)-8005-生产楼-2-L2/L3-子架1-0(GigabitEthernet1/0/0),焦作,0.0,20200301,河南,10,8.85%,885.0,6.43%,642.54,核心链路
	#@!JIZCORELINK(20)$:8002-生产楼-L3-子架1-2-TPA1EX8S-2(PORT-2)-8005-生产楼-2-L2/L3-子架1-1(GigabitEthernet1/0/1),焦作,0.0,20200301,河南,10,8.26%,826.0,6.03%,602.68,核心链路
	#@!JIZCORELINK(20)$:8002-生产楼-L3-子架1-2-TPA1EX8S-3(PORT-3)-8005-生产楼-2-L2/L3-子架1-2(GigabitEthernet1/0/2),焦作,0.0,20200301,河南,10,8.85%,885.0,6.33%,633.39,核心链路
	#@!JIZCORELINK(20)$:8002-生产楼-L3-子架1-2-TPA1EX8S-4(PORT-4)-8005-生产楼-2-L2/L3-子架1-3(GigabitEthernet1/0/3),焦作,0.0,20200301,河南,10,8.65%,865.0,6.21%,621.35,核心链路
	#@!JIZCORELINK(20)$:8002-生产楼-L3-子架1-2-TPA1EX8S-5(PORT-5)-8005-生产楼-2-L2/L3-子架1-4(GigabitEthernet1/0/4),焦作,0.0,20200301,河南,10,8.55%,855.0,6.09%,609.03,核心链路
	#@!JIZCORELINK(20)$:8002-生产楼-L3-子架1-2-TPA1EX8S-6(PORT-6)-8005-生产楼-2-L2/L3-子架1-0(GigabitEthernet1/2/0),焦作,0.0,20200301,河南,10,8.76%,876.0,6.30%,629.87,核心链路
	#@!JIZCORELINK(20)$:8002-生产楼-L3-子架1-2-TPA1EX8S-7(PORT-7)-8005-生产楼-2-L2/L3-子架1-1(GigabitEthernet1/2/1),焦作,0.0,20200301,河南,10,8.86%,886.0,6.46%,645.75,核心链路
	#@!JIZCORELINK(20)$:8002-生产楼-L3-子架1-2-TPA1EX8S-8(PORT-8)-8005-生产楼-2-L2/L3-子架1-2(GigabitEthernet1/2/2),焦作,0.0,20200301,河南,10,8.75%,875.0,6.42%,641.88,核心链路
	#@!JIZCORELINK(21)$:8004-高新-2-L2/L3-子架1-1(GigabitEthernet6/0/1)-8005-生产楼-2-L2/L3-子架1-1(GigabitEthernet6/0/1),焦作,0.0,20200301,河南,10,0.00%,0.42,0.00%,0.42,核心链路
	#@!JIZCORELINK(21)$:8004-高新-2-L2/L3-子架1-1(GigabitEthernet8/0/1)-8005-生产楼-2-L2/L3-子架1-1(GigabitEthernet8/0/1),焦作,0.0,20200301,河南,10,0.00%,0.4,0.00%,0.4,核心链路
	#@!JIZCORELINK(21)$:8004-高新-2-L2/L3-子架1-2(GigabitEthernet6/0/2)-8005-生产楼-2-L2/L3-子架1-2(GigabitEthernet6/0/2),焦作,0.0,20200301,河南,10,0.00%,0.4,0.00%,0.4,核心链路
	#@!JIZCORELINK(21)$:LTE骨干调度环2-焦作市:8004-高新-2-L2/L3-子架1-0(GigabitEthernet6/0/0)-8005-生产楼-2-L2/L3-子架1-0(GigabitEthernet6/0/0),焦作,0.0,20200301,河南,10,0.53%,53.18,0.50%,50.36,核心链路
	#@!JIZCORELINK(21)$:LTE骨干调度环2-焦作市:8004-高新-2-L2/L3-子架1-0(GigabitEthernet8/0/0)-8005-生产楼-2-L2/L3-子架1-0(GigabitEthernet8/0/0),焦作,0.0,20200301,河南,10,6.27%,626.9,6.15%,614.63,核心链路
	#@!JIZCORELINK(22)$焦作市核心调度环10-郊县:1016-高新核心4-13-82EX2-2(8001-3/0/1)-8001-高新-L2/L3-子架1-1(GigabitEthernet3/0/1),焦作,0.0,20200301,河南,10,0.37%,37.43,0.34%,33.73,核心链路
	#@!JIZCORELINK(23)$焦作市核心调度环10-郊县:1014-生产楼核心4-子架1-3-TPA1EX8S-3(8003-生产楼6900-L2/L3-2/0/1)-8003-生产楼-L2/L3-子架1-1(GigabitEthernet2/0/1),焦作,0.0,20200301,河南,10,26.00%,2600.0,22.32%,2232.2,核心链路
	#@!JIZCORELINK(24)$焦作市核心调度环5-市区:1000-高新核心1-子架1-9-TPA1EX8S-2(8001-高新L2/L3-8/2/0)-8001-高新-L2/L3-子架1-0(GigabitEthernet8/2/0),焦作,0.0,20200301,河南,10,2.75%,274.88,2.54%,254.45,核心链路
	#@!JIZCORELINK(25)$焦作市核心调度环5-市区:1001-生产楼核心1-子架1-4-TPA1EX8S-1(8003-生产楼L2/L3-8/2/0)-8003-生产楼-L2/L3-子架1-0(GigabitEthernet8/2/0),焦作,0.0,20200301,河南,10,52.00%,5200.0,46.84%,4683.97,核心链路
	#@!JIZCORELINK(26)$焦作市核心调度环6-市区:TNL-L2/L3-PTN6900-16-2-子架1-1(GigabitEthernet8/2/1)-1013-高新-12-82EX2-1(对接高新PTN6900-L2/L3),焦作,0.0,20200301,河南,10,1.80%,180.0,1.14%,114.14,核心链路
	#@!JIZCORELINK(27)$焦作市核心调度环6-市区:1015-生产楼核心3-子架1-10-TPA1EX8S-4(8003-生产楼6900-L2/L3-8/2/1)-8003-生产楼-L2/L3-子架1-1(GigabitEthernet8/2/1),焦作,0.0,20200301,河南,10,21.00%,2100.0,17.76%,1775.83,核心链路
	#@!JIZCORELINK(2)$:8002-生产楼-L3-子架1-14-TPA1EX8S-2(OTN8007-021-TQX-3)-8012-澳通苑-主L2/L3-1-子架1-4-TPA1EX8-2(OTN3002-澳通苑023-TQX-3),焦作,0.0,20200301,河南,10,26.00%,2600.0,21.46%,2145.92,核心链路
	#@!JIZCORELINK(2)$:8002-生产楼-L3-子架1-14-TPA1EX8S-3(OTN8007-020-TQX-4)-8012-澳通苑-主L2/L3-1-子架1-4-TPA1EX8-3(OTN3002-澳通苑021-TQX-2),焦作,0.0,20200301,河南,10,28.00%,2800.0,21.87%,2186.85,核心链路
	#@!JIZCORELINK(2)$:8012-澳通苑-主L2/L3-1-子架1-4-TPA1EX8-4(OTN3002-澳通苑020-TQX-2)-8002-生产楼-L3-子架1-14-TPA1EX8S-4(OTN8007-生产楼020-TQX-3),焦作,0.0,20200301,河南,10,26.00%,2600.0,21.35%,2134.6,核心链路
	#@!JIZCORELINK(2)$:8012-澳通苑-主L2/L3-1-子架1-4-TPA1EX8-5(OTN3002-澳通苑020-TQX-1)-8002-生产楼-L3-子架1-14-TPA1EX8S-5(OTN8007-生产楼020-TQX-2),焦作,0.0,20200301,河南,10,25.00%,2500.0,21.28%,2128.3,核心链路
	#@!JIZCORELINK(2)$:8012-澳通苑-主L2/L3-1-子架1-4-TPA1EX8-6(OTN3002-澳通苑023-TQX-1)-8002-生产楼-L3-子架1-14-TPA1EX8S-6(OTN8007-生产楼021-TQX-1),焦作,0.0,20200301,河南,10,25.00%,2500.0,21.68%,2167.69,核心链路
	#@!JIZCORELINK(28)$焦作市核心调度环7-郊县:8001-高新L2/L3-子架1-0(GigabitEthernet2/0/0)-1006-高新核心2-12-82EX2-1(8002-高新L2/L3-2/0/0),焦作,0.0,20200301,河南,10,0.07%,6.91,0.07%,6.69,核心链路
	#@!JIZCORELINK(29)$焦作市核心调度环7-郊县:1007-生产楼核心2替换-子架1-9-TPA1EX8S-2(8003-生产楼L2/L3-2/0/0)-8003-生产楼-L2/L3-子架1-0(GigabitEthernet2/0/0),焦作,0.0,20200301,河南,10,0.82%,81.56,0.70%,69.69,核心链路
	#@!JIZCORELINK(2)$:LTE骨干调度环4-焦作市:8002-生产楼-L3-子架1-14-TPA1EX8S-1(OTN8002-130-TQX-1)-8012-澳通苑-主L2/L3-1-子架1-4-TPA1EX8-1(OTN2001-修武-412-TQX-1),焦作,0.0,20200301,河南,10,27.00%,2700.0,20.95%,2095.5,核心链路
	#@!JIZCORELINK(30)$焦作市核心调度环8-郊县:1006-高新核心2-5-82EX2-1(8001-3/0/0)-8001-高新-L2/L3-子架1-0(GigabitEthernet3/0/0),焦作,0.0,20200301,河南,10,0.05%,4.91,0.05%,4.9,核心链路
	#@!JIZCORELINK(31)$焦作市核心调度环8-郊县:1007-生产楼核心2替换-子架1-9-TPA1EX8S-3(8003-3/0/0)-8003-生产楼-L2/L3-子架1-0(GigabitEthernet3/0/0),焦作,0.0,20200301,河南,10,1.04%,103.71,0.69%,69.42,核心链路
	#@!JIZCORELINK(32)$焦作市核心调度环9-郊县:1014-生产楼核心4-子架1-9-TPA1EX8S-1(8003-3/0/1)-8003-生产楼-L2/L3-子架1-1(GigabitEthernet3/0/1),焦作,0.0,20200301,河南,10,9.87%,987.0,7.35%,734.87,核心链路
	#@!JIZCORELINK(33)$焦作市核心调度环9-郊县:8001-高新L2/L3-子架1-1(GigabitEthernet2/0/1)-1016-高新-12-82EX2-1(8002-高新L2/L3-2/0/1),焦作,0.0,20200301,河南,10,1.37%,137.43,1.27%,126.83,核心链路
	#@!JIZCORELINK(34)$焦作市核心调度环11-市区:1034-高新替换-子架1-4-TPA1EX8S-1(2-0-0)-8004-高新-2-L2/L3-子架1-0(GigabitEthernet2/0/0),焦作,0.0,20200301,河南,10,0.96%,96.49,0.96%,96.35,核心链路
	#@!JIZCORELINK(34)$焦作市核心调度环12-市区:1034-高新替换-子架1-4-TPA1EX8S-2(2-0-1)-8004-高新-2-L2/L3-子架1-1(GigabitEthernet2/0/1),焦作,0.0,20200301,河南,10,0.28%,27.76,0.28%,27.73,核心链路
	#@!JIZCORELINK(35)$焦作市核心调度环11-市区:1036-生产楼-子架1-3-TPA1EX8S-1(2-0-0)-8005-生产楼-2-L2/L3-子架1-0(GigabitEthernet2/0/0),焦作,0.0,20200301,河南,10,5.34%,534.0,3.19%,318.82,核心链路
	#@!JIZCORELINK(35)$焦作市核心调度环12-市区:1036-生产楼-子架1-3-TPA1EX8S-2(2-0-1)-8005-生产楼-2-L2/L3-子架1-1(GigabitEthernet2/0/1),焦作,0.0,20200301,河南,10,5.66%,566.0,3.34%,334.02,核心链路
	#@!JIZCORELINK(36)$焦作市核心调度环13-市区:1034-高新替换-子架1-9-TPA1EX8S-1(6-2-0)-8004-高新-2-L2/L3-子架1-0(GigabitEthernet6/2/0),焦作,0.0,20200301,河南,10,0.44%,44.21,0.44%,44.21,核心链路
	#@!JIZCORELINK(36)$焦作市核心调度环14-市区:1034-高新替换-子架1-9-TPA1EX8S-2(6-2-1)-8004-高新-2-L2/L3-子架1-1(GigabitEthernet6/2/1),焦作,0.0,20200301,河南,10,0.26%,25.73,0.26%,25.73,核心链路
	#@!JIZCORELINK(37)$焦作市核心调度环13-市区:1036-生产楼-子架1-10-TPA1EX8S-1(6-2-0)-8005-生产楼-2-L2/L3-子架1-0(GigabitEthernet6/2/0),焦作,0.0,20200301,河南,10,19.00%,1900.0,15.15%,1515.18,核心链路
	#@!JIZCORELINK(37)$焦作市核心调度环14-市区:1036-生产楼-子架1-10-TPA1EX8S-2(6-2-1)-8005-生产楼-2-L2/L3-子架1-1(GigabitEthernet6/2/1),焦作,0.0,20200301,河南,10,18.00%,1800.0,14.53%,1453.05,核心链路
	#@!JIZCORELINK(3)$:8011-武陟-备L2/L3-2-子架1-5-TPA1EX8-2(PORT-2)-8012-澳通苑-主L2/L3-1-子架1-5-TPA1EX8-2(PORT-2),焦作,0.0,20200301,河南,10,0.28%,28.0,0.33%,33.31,核心链路
	#@!JIZCORELINK(3)$:8011-武陟-备L2/L3-2-子架1-5-TPA1EX8-4(PORT-4)-8012-澳通苑-主L2/L3-1-子架1-5-TPA1EX8-4(PORT-4),焦作,0.0,20200301,河南,10,0.01%,1.0,0.01%,0.6,核心链路
	#@!JIZCORELINK(3)$:8011-武陟-备L2/L3-2-子架1-5-TPA1EX8-5(PORT-5)-8012-澳通苑-主L2/L3-1-子架1-5-TPA1EX8-5(PORT-5),焦作,0.0,20200301,河南,10,0.01%,1.0,0.01%,0.6,核心链路
	#@!JIZCORELINK(3)$:8011-武陟-备L2/L3-2-子架1-5-TPA1EX8-6(PORT-6)-8012-澳通苑-主L2/L3-1-子架1-5-TPA1EX8-6(PORT-6),焦作,0.0,20200301,河南,10,0.01%,1.0,0.01%,0.6,核心链路
	#@!JIZCORELINK(3)$:8011-武陟-备L2/L3-2-子架1-6-TPA1EX8-2(PORT-2)-8012-澳通苑-主L2/L3-1-子架1-6-TPA1EX8-2(PORT-2),焦作,0.0,20200301,河南,10,0.01%,1.0,0.01%,0.6,核心链路
	#@!JIZCORELINK(3)$:8011-武陟-备L2/L3-2-子架1-6-TPA1EX8-4(PORT-4)-8012-澳通苑-主L2/L3-1-子架1-6-TPA1EX8-4(PORT-4),焦作,0.0,20200301,河南,10,0.01%,1.0,0.00%,0.12,核心链路
	#@!JIZCORELINK(3)$:8011-武陟-备L2/L3-2-子架1-6-TPA1EX8-5(PORT-5)-8012-澳通苑-主L2/L3-1-子架1-6-TPA1EX8-5(PORT-5),焦作,0.0,20200301,河南,10,0.01%,1.0,0.00%,0.24,核心链路
	#@!JIZCORELINK(3)$:8012-澳通苑-主L2/L3-1-子架1-6-TPA1EX8-3(PORT-3)-8011-武陟-备L2/L3-2-子架1-6-TPA1EX8-3(PORT-3),焦作,0.0,20200301,河南,10,1.87%,187.0,0.78%,77.6,核心链路
	#@!JIZCORELINK(38)$焦作市核心调度环15-市区:1035-高新-子架1-4-TPA1EX8S-2(2-0-2)-8004-高新-2-L2/L3-子架1-2(GigabitEthernet2/0/2),焦作,0.0,20200301,河南,10,1.40%,140.0,0.49%,49.3,核心链路
	#@!JIZCORELINK(38)$焦作市核心调度环16-市区:1035-高新-子架1-4-TPA1EX8S-3(2-0-3)-8004-高新-2-L2/L3-子架1-3(GigabitEthernet2/0/3),焦作,0.0,20200301,河南,10,1.27%,127.0,0.60%,59.7,核心链路
	#@!JIZCORELINK(39)$焦作市核心调度环15-市区:1037-生产楼-子架1-3-TPA1EX8S-1(2-0-2)-8005-生产楼-2-L2/L3-子架1-2(GigabitEthernet2/0/2),焦作,0.0,20200301,河南,10,12.00%,1200.0,8.77%,876.87,核心链路
	#@!JIZCORELINK(39)$焦作市核心调度环16-市区:1037-生产楼-子架1-3-TPA1EX8S-2(2-0-3)-8005-生产楼-2-L2/L3-子架1-3(GigabitEthernet2/0/3),焦作,0.0,20200301,河南,10,5.95%,595.0,4.02%,402.14,核心链路
	#@!JIZCORELINK(3)$:LTE骨干调度环9-焦作市:8011-武陟-L2/L3-子架1-5-TPA1EX8-1(PORT-1)-8012-澳通苑-L2/L3-子架1-5-TPA1EX8-1(PORT-1),焦作,0.0,20200301,河南,10,3.66%,366.0,3.22%,321.52,核心链路
	#@!JIZCORELINK(3)$:LTE骨干调度环9-焦作市:8011-武陟-L2/L3-子架1-6-TPA1EX8-1(PORT-1)-8012-澳通苑-L2/L3-子架1-6-TPA1EX8-1(PORT-1),焦作,0.0,20200301,河南,10,0.81%,81.0,0.14%,13.77,核心链路
	#@!JIZCORELINK(40)$焦作市核心调度环17-市区:1035-高新-子架1-4-TPA1EX8S-7(6-2-2)-8004-高新-2-L2/L3-子架1-2(GigabitEthernet6/2/2),焦作,0.0,20200301,河南,10,0.93%,93.0,0.49%,49.38,核心链路
	#@!JIZCORELINK(40)$焦作市核心调度环18-市区:1035-高新-子架1-4-TPA1EX8S-8(6-2-3)-8004-高新-2-L2/L3-子架1-3(GigabitEthernet6/2/3),焦作,0.0,20200301,河南,10,2.52%,252.0,1.73%,173.37,核心链路
	#@!JIZCORELINK(41)$焦作市核心调度环17-市区:1037-生产楼-子架1-10-TPA1EX8S-1(6-2-2)-8005-生产楼-2-L2/L3-子架1-2(GigabitEthernet6/2/2),焦作,0.0,20200301,河南,10,15.00%,1500.0,12.17%,1216.53,核心链路
	#@!JIZCORELINK(41)$焦作市核心调度环18-市区:1037-生产楼-子架1-10-TPA1EX8S-2(6-2-3)-8005-生产楼-2-L2/L3-子架1-3(GigabitEthernet6/2/3),焦作,0.0,20200301,河南,10,8.05%,805.0,5.36%,535.73,核心链路
	#@!JIZCORELINK(42)$焦作市区至郊县-10GE链路:1001-生产楼核心1-子架1-9-TPA1EX8S-4(PORT-4)-1014-生产楼核心4-子架1-3-TPA1EX8S-1(PORT-1),焦作,0.0,20200301,河南,10,32.00%,3200.0,28.66%,2866.44,核心链路
	#@!JIZCORELINK(43)$焦作市区至郊县-10GE链路:1000-高新核心1-子架1-9-TPA1EX8S-3(PORT-3)-1016-高新核心4-11-82EX2-1(PORT-1),焦作,0.0,20200301,河南,10,26.28%,2627.98,25.13%,2512.72,核心链路
	#@!JIZCORELINK(44)$焦作市核心落地环1-1011-生产楼落地一:1007-生产楼核心2替换-子架1-4-TPA1EX8S-4(1011-生产楼7-Ex2-1)-1011-生产楼落地1-子架1-3-TPA1EX8S-1(1007-生产楼13-EX2-2),焦作,0.0,20200301,河南,10,13.00%,1300.0,10.23%,1023.17,核心链路
	#@!JIZCORELINK(45)$焦作市核心落地环1-1011-生产楼落地一:1014-生产楼核心4-子架1-10-TPA1EX8S-3(1011-生产楼12-EX2-1)-1011-生产楼落地1-子架1-10-TPA1EX8S-1(1014-生产楼12-EX2-1),焦作,0.0,20200301,河南,10,15.00%,1500.0,11.98%,1198.05,核心链路
	#@!JIZCORELINK(46)$焦作市核心落地环2-1011-生产楼落地一:1001-生产楼核心1-子架1-10-TPA1EX8S-2(1011-生产楼12-EX2-2)-1011-生产楼落地1-子架1-10-TPA1EX8S-2(1001-生产楼13-EX2-2),焦作,0.0,20200301,河南,10,9.07%,907.0,7.71%,770.83,核心链路
	#@!JIZCORELINK(46)$焦作市核心落地环2-1011-生产楼落地一:1015-生产楼核心3-子架1-4-TPA1EX8S-2(1011-生产楼7-EX2-2)-1011-生产楼落地1-子架1-3-TPA1EX8S-2(1015-生产楼8-EX2-2),焦作,0.0,20200301,河南,10,30.00%,3000.0,28.83%,2882.75,核心链路
	#@!JIZCORELINK(47)$焦作市核心落地环4-1010-生产楼落地二:1014-生产楼核心4-子架1-10-TPA1EX8S-1(1010-生产楼12-EX2-2)-1010-生产楼落地2-子架1-10-TPA1EX8S-2(1014-生产楼11-EX2-2),焦作,0.0,20200301,河南,10,4.35%,435.0,2.42%,241.51,核心链路
	#@!JIZCORELINK(4)$:8002-生产楼-L3-子架1-15-TPA1EX8S-2(OTN8002-生产楼133-TQX-3)-8013-孟州-主L2/L3-1-子架1-4-TPA1EX8-2(OTN5001-孟州413-TQX-3),焦作,0.0,20200301,河南,10,16.00%,1600.0,12.96%,1296.47,核心链路
	#@!JIZCORELINK(4)$:8013-孟州-主L2/L3-1-子架1-4-TPA1EX8-3(OTN5001-孟州411-TQX-1)-8002-生产楼-L3-子架1-15-TPA1EX8S-3(OTN8002-生产楼122-TQX-1),焦作,0.0,20200301,河南,10,17.00%,1700.0,13.27%,1327.11,核心链路
	#@!JIZCORELINK(4)$:8013-孟州-主L2/L3-1-子架1-4-TPA1EX8-4(OTN5001-孟州413-TQX-2)-8002-生产楼-L3-子架1-15-TPA1EX8S-4(OTN8002-生产楼134-TQX-2),焦作,0.0,20200301,河南,10,16.00%,1600.0,12.41%,1241.04,核心链路
	#@!JIZCORELINK(4)$:8013-孟州-主L2/L3-1-子架1-4-TPA1EX8-5(OTN5001-孟州411-TQX-3)-8002-生产楼-L3-子架1-15-TPA1EX8S-5(OTN8002-生产楼122-TQX-3),焦作,0.0,20200301,河南,10,16.00%,1600.0,13.09%,1309.23,核心链路
	#@!JIZCORELINK(48)$焦作市核心落地环4:1007-生产楼核心2替换-子架1-10-TPA1EX8S-2(1010-生产楼7-Ex2-2)-1010-生产楼落地2-子架1-3-TPA1EX8S-2(1007-生产楼13-EX2-1),焦作,0.0,20200301,河南,10,0.00%,0.0,0.00%,0.0,核心链路
	#@!JIZCORELINK(4)$:LTE骨干调度环5-焦作市:8002-生产楼-L3-子架1-15-TPA1EX8S-1(OTN8002-生产楼122-TQX-2)-8013-孟州-主L2/L3-1-子架1-4-TPA1EX8-1(OTN5000-孟州411-TQX-2),焦作,0.0,20200301,河南,10,15.00%,1500.0,12.30%,1230.01,核心链路
	#@!JIZCORELINK(53)$焦作市核心落地环8-1009-高新落地二:1007-生产楼核心2替换-子架1-9-TPA1EX8S-1(1006-高新13-2对接)-1006-高新核心2-13-82EX2-2(1007-生产楼-6-EX2-2),焦作,0.0,20200301,河南,10,1.10%,110.27,1.08%,108.04,核心链路
	#@!JIZCORELINK(55)$焦作市核心调度环1-生产楼-高新区:1014-生产楼核心4-子架1-9-TPA1EX8S-2(1006-高新-13-EX2-1)-1006-高新核心2-13-82EX2-1(1014-生产楼-13-EX2-1),焦作,0.0,20200301,河南,10,2.94%,294.0,2.04%,204.47,核心链路
	#@!JIZCORELINK(5)$:8013-孟州-主L2/L3-1-子架1-5-TPA1EX8-3(PORT-3)-8014-凤凰路-备L2/L3-2-子架1-5-TPA1EX8-3(PORT-3),焦作,0.0,20200301,河南,10,0.01%,1.0,0.01%,1.04,核心链路
	#@!JIZCORELINK(5)$:8013-孟州-主L2/L3-1-子架1-5-TPA1EX8-4(PORT-4)-8014-凤凰路-备L2/L3-2-子架1-5-TPA1EX8-4(PORT-4),焦作,0.0,20200301,河南,10,0.01%,1.0,0.01%,0.89,核心链路
	#@!JIZCORELINK(5)$:8013-孟州-主L2/L3-1-子架1-5-TPA1EX8-5(PORT-5)-8014-凤凰路-备L2/L3-2-子架1-5-TPA1EX8-5(PORT-5),焦作,0.0,20200301,河南,10,0.02%,2.0,0.01%,0.99,核心链路
	#@!JIZCORELINK(5)$:8013-孟州-主L2/L3-1-子架1-6-TPA1EX8-3(PORT-3)-8014-凤凰路-备L2/L3-2-子架1-6-TPA1EX8-3(PORT-3),焦作,0.0,20200301,河南,10,0.01%,1.0,0.00%,0.12,核心链路
	#@!JIZCORELINK(5)$:8013-孟州-主L2/L3-1-子架1-6-TPA1EX8-4(PORT-4)-8014-凤凰路-备L2/L3-2-子架1-6-TPA1EX8-4(PORT-4),焦作,0.0,20200301,河南,10,0.01%,1.0,0.00%,0.12,核心链路
	#@!JIZCORELINK(5)$:8013-孟州-主L2/L3-1-子架1-6-TPA1EX8-5(PORT-5)-8014-凤凰路-备L2/L3-2-子架1-6-TPA1EX8-5(PORT-5),焦作,0.0,20200301,河南,10,0.01%,1.0,0.00%,0.12,核心链路
	#@!JIZCORELINK(5)$:8014-凤凰路-备L2/L3-2-子架1-6-TPA1EX8-2(PORT-2)-8013-孟州-主L2/L3-1-子架1-6-TPA1EX8-2(PORT-2),焦作,0.0,20200301,河南,10,0.15%,15.0,0.15%,14.92,核心链路
	#@!JIZCORELINK(5)$:LTE骨干调度环10-焦作市:8013-孟州-主L2/L3-1-子架1-5-TPA1EX8-1(PORT-1)-8014-凤凰路-备L2/L3-2-子架1-5-TPA1EX8-1(PORT-1),焦作,0.0,20200301,河南,10,2.63%,263.0,2.29%,228.78,核心链路
	#@!JIZCORELINK(5)$:LTE骨干调度环10-焦作市:8014-凤凰路-L2/L3-子架1-6-TPA1EX8-1(PORT-1)-8013-孟州-L2/L3-子架1-6-TPA1EX8-1(PORT-1),焦作,0.0,20200301,河南,10,0.01%,1.0,0.01%,1.18,核心链路
	#@!JIZCORELINK(61)$焦作市核心调度环4-生产楼核心二-高新核心二:1007-生产楼核心2替换-子架1-9-TPA1EX8S-4(1006-高新8-EX2-1)-1006-高新核心2-8-82EX2-1(1007-生产楼11-EX2-1),焦作,0.0,20200301,河南,10,1.67%,167.02,1.44%,144.5,核心链路
	#@!JIZCORELINK(61)$焦作市核心调度环4-生产楼核心二-高新核心二:1014-生产楼核心4-子架1-9-TPA1EX8S-3(新增到1016-高新8-2对接)-1016-高新核心4-8-82EX2-2(新增到1014-生产楼13-2对接),焦作,0.0,20200301,河南,10,1.31%,131.0,1.17%,116.98,核心链路
	#@!JIZCORELINK(63)$焦作市核心调度环4-生产楼核心二-高新核心二:1007-生产楼核心2替换-子架1-3-TPA1EX8S-3(1016-高新7-EX2-1)-1016-高新核心4-7-82EX2-1(1007-生产楼-6-EX2-1),焦作,0.0,20200301,河南,10,7.04%,704.41,6.76%,675.98,核心链路
	#@!JIZCORELINK(65)$:8001-高新-L2/L3-子架1-0(100GE16/0/0)-8003-生产楼-L2/L3-子架1-0(100GE16/0/0),焦作,0.0,20200301,河南,100,0.00%,0.1,0.00%,0.1,核心链路
	#@!JIZCORELINK(65)$:8001-高新-L2/L3-子架1-0(100GE9/0/0)-8003-生产楼-L2/L3-子架1-0(100GE9/0/0),焦作,0.0,20200301,河南,100,0.01%,9.7,0.01%,9.28,核心链路
	#@!JIZCORELINK(65)$:8001-高新-L2/L3-子架1-2(GigabitEthernet6/0/2)-8003-生产楼-L2/L3-子架1-2(GigabitEthernet6/0/2),焦作,0.0,20200301,河南,10,0.00%,0.4,0.00%,0.4,核心链路
	#@!JIZCORELINK(65)$:8003-生产楼-L2/L3-子架1-1(GigabitEthernet6/0/1)-8001-高新-L2/L3-子架1-1(GigabitEthernet6/0/1),焦作,0.0,20200301,河南,10,0.01%,0.5,0.01%,0.5,核心链路
	#@!JIZCORELINK(65)$:8003-生产楼-L2/L3-子架1-1(GigabitEthernet8/0/1)-8001-高新-L2/L3-子架1-1(GigabitEthernet8/0/1),焦作,0.0,20200301,河南,10,0.01%,1.0,0.01%,1.0,核心链路
	#@!JIZCORELINK(65)$:焦作市核心调度环5-市区:TNL-L2/L3-PTN6900-16-2-子架1-0(GigabitEthernet6/0/0)-FSL-L2/L3-PTN6900-16-2-子架1-0(GigabitEthernet6/0/0),焦作,0.0,20200301,河南,10,7.81%,780.7,7.56%,756.42,核心链路
	#@!JIZCORELINK(65)$:焦作市核心调度环7-郊县:TNL-L2/L3-PTN6900-16-2-子架1-0(GigabitEthernet8/0/0)-FSL-L2/L3-PTN6900-16-2-子架1-0(GigabitEthernet8/0/0),焦作,0.0,20200301,河南,10,0.90%,90.25,0.85%,85.36,核心链路
	#@!JIZCORELINK(66)$:8000-高新-L3-子架1-1-TPA1EX8S-2(PORT-2)-8001-高新-L2/L3-子架1-1(GigabitEthernet1/0/1),焦作,0.0,20200301,河南,10,0.01%,1.02,0.01%,1.02,核心链路
	#@!JIZCORELINK(66)$:8000-高新-L3-子架1-1-TPA1EX8S-3(TO-8001-1/0/2)-8001-高新-L2/L3-子架1-2(GigabitEthernet1/0/2),焦作,0.0,20200301,河南,10,0.00%,0.4,0.00%,0.4,核心链路
	#@!JIZCORELINK(66)$:8000-高新-L3-子架1-1-TPA1EX8S-4(TO-8001-1/0/3)-8001-高新-L2/L3-子架1-3(GigabitEthernet1/0/3),焦作,0.0,20200301,河南,10,0.00%,0.4,0.00%,0.4,核心链路
	#@!JIZCORELINK(66)$:8000-高新-L3-子架1-1-TPA1EX8S-5(TO-8001-1/0/4)-8001-高新-L2/L3-子架1-4(GigabitEthernet1/0/4),焦作,0.0,20200301,河南,10,0.00%,0.4,0.00%,0.4,核心链路
	#@!JIZCORELINK(66)$:8000-高新-L3-子架1-9-TPA2EH2-1(PORT-1)-8001-高新-L2/L3-子架1-0(100GE4/0/0),焦作,0.0,20200301,河南,100,0.01%,9.6,0.01%,9.18,核心链路
	#@!JIZCORELINK(67)$:8002-生产楼-L3-子架1-1-TPA1EX8S-2(PORT-2)-8003-生产楼-L2/L3-子架1-1(GigabitEthernet1/0/1),焦作,0.0,20200301,河南,10,0.01%,1.22,0.01%,1.42,核心链路
	#@!JIZCORELINK(67)$:8002-生产楼-L3-子架1-1-TPA1EX8S-3(PORT-3)-8003-生产楼-L2/L3-子架1-2(GigabitEthernet1/0/2),焦作,0.0,20200301,河南,10,0.01%,1.0,0.00%,0.47,核心链路
	#@!JIZCORELINK(67)$:8002-生产楼-L3-子架1-1-TPA1EX8S-4(PORT-4)-8003-生产楼-L2/L3-子架1-3(GigabitEthernet1/0/3),焦作,0.0,20200301,河南,10,0.01%,1.0,0.00%,0.47,核心链路
	#@!JIZCORELINK(67)$:8002-生产楼-L3-子架1-1-TPA1EX8S-5(PORT-5)-8003-生产楼-L2/L3-子架1-4(GigabitEthernet1/0/4),焦作,0.0,20200301,河南,10,0.01%,1.0,0.00%,0.47,核心链路
	#@!JIZCORELINK(67)$:8002-生产楼-L3-子架1-9-TPA2EH2-1(PORT-1)-8003-生产楼-L2/L3-子架1-0(100GE4/0/0),焦作,0.0,20200301,河南,100,13.00%,13000.0,12.09%,12089.65,核心链路
	#@!JIZCORELINK(6)$:8000-高新-L3-子架1-15-TPA1EX8S-1(OTN8001-高新027-TQX-4)-8014-凤凰路-备L2/L3-2-子架1-4-TPA1EX8-1(OTN4000-温县113-TDX-2),焦作,0.0,20200301,河南,10,0.01%,1.0,0.01%,0.84,核心链路
	#@!JIZCORELINK(6)$:8000-高新-L3-子架1-15-TPA1EX8S-2(OTN8010-高新021-TQX-3)-8014-凤凰路-备L2/L3-2-子架1-4-TPA1EX8-2(OTN5002-凤凰路020-TQX-4),焦作,0.0,20200301,河南,10,0.06%,6.0,0.08%,7.73,核心链路
	#@!JIZCORELINK(6)$:8014-凤凰路-备L2/L3-2-子架1-4-TPA1EX8-3(OTN5002-凤凰路020-TQX-3)-8000-高新-L3-子架1-15-TPA1EX8S-3(OTN8010-高新020-TQX-2),焦作,0.0,20200301,河南,10,0.01%,1.0,0.01%,0.6,核心链路
	#@!JIZCORELINK(6)$:8014-凤凰路-备L2/L3-2-子架1-4-TPA1EX8-4(OTN5002-凤凰路022-TQX-1)-8000-高新-L3-子架1-15-TPA1EX8S-4(OTN8010-高新024-TQX-1),焦作,0.0,20200301,河南,10,0.01%,1.0,0.00%,0.36,核心链路
	#@!JIZCORELINK(6)$:8014-凤凰路-备L2/L3-2-子架1-4-TPA1EX8-5(OTN5002-凤凰路022-TQX-2)-8000-高新-L3-子架1-15-TPA1EX8S-5(OTN8010-高新024-TQX-2),焦作,0.0,20200301,河南,10,0.01%,1.0,0.01%,0.57,核心链路
	#@!JIZCORELINK(68)$:8002-生产楼-L3-子架1-10-TPA2EH2-1(TO-GX-PTN6900-4/0/0)-8000-高新-L3-子架1-10-TPA2EH2-1(TO-SCL-PTN6900-4/0/0),焦作,0.0,20200301,河南,100,0.01%,10.0,0.01%,5.64,核心链路
	#@!JIZCORELINK(68)$:8002-生产楼-L3-子架1-19-TPA1EX8S-1(PORT-1)-8000-高新-L3-子架1-19-TPA1EX8S-1(PORT-1),焦作,0.0,20200301,河南,10,0.01%,1.0,0.00%,0.0,核心链路
	#@!JIZCORELINK(68)$:8002-生产楼-L3-子架1-26-TPA2EH2-1(TO-GX-PTN6900-15/0/0)-8000-高新-L3-子架1-26-TPA2EH2-1(TO-SCL-PTN6900-15/0/0),焦作,0.0,20200301,河南,100,0.01%,10.0,0.01%,7.7,核心链路
	#@!JIZCORELINK(68)$:8002-生产楼-L3-子架1-3-TPA1EX8S-2(PORT-2)-8000-高新-L3-子架1-3-TPA1EX8S-2(PORT-2),焦作,0.0,20200301,河南,10,0.01%,1.0,0.00%,0.0,核心链路
	#@!JIZCORELINK(68)$:8002-生产楼-L3-子架1-3-TPA1EX8S-3(PORT-3)-8000-高新-L3-子架1-3-TPA1EX8S-3(PORT-3),焦作,0.0,20200301,河南,10,0.01%,1.0,0.00%,0.0,核心链路
	#@!JIZCORELINK(68)$:8002-生产楼-L3-子架1-3-TPA1EX8S-4(PORT-4)-8000-高新-L3-子架1-3-TPA1EX8S-4(PORT-4),焦作,0.0,20200301,河南,10,0.01%,1.0,0.00%,0.0,核心链路
	#@!JIZCORELINK(68)$:8002-生产楼-L3-子架1-3-TPA1EX8S-5(PORT-5)-8000-高新-L3-子架1-3-TPA1EX8S-5(PORT-5),焦作,0.0,20200301,河南,10,0.01%,1.0,0.00%,0.0,核心链路
	#@!JIZCORELINK(69)$:8002-生产楼-L3-子架1-31-TPA1EX8S-1(PORT-1)-8020-锦都花城-主L2/L3-1-子架1-23-TPA1EX8-1(OTN4002-锦都花城021-TQX-2),焦作,0.0,20200301,河南,10,16.00%,1600.0,13.52%,1351.84,核心链路
	#@!JIZCORELINK(69)$:8002-生产楼-L3-子架1-31-TPA1EX8S-2(PORT-2)-8020-锦都花城-主L2/L3-1-子架1-23-TPA1EX8-2(OTN4002-锦都花城021-TQX-3),焦作,0.0,20200301,河南,10,16.00%,1600.0,13.37%,1336.98,核心链路
	#@!JIZCORELINK(69)$:8020-锦都花城-主L2/L3-1-子架1-23-TPA1EX8-3(OTN4002-锦都花城020-TQX-4)-8002-生产楼-L3-子架1-31-TPA1EX8S-3(8008-生产楼020-TQX-4),焦作,0.0,20200301,河南,10,17.00%,1700.0,13.63%,1362.75,核心链路
	#@!JIZCORELINK(69)$:8020-锦都花城-主L2/L3-1-子架1-23-TPA1EX8-4(OTN4002-锦都花城020-TQX-2)-8002-生产楼-L3-子架1-31-TPA1EX8S-4(8008-生产楼021-TDX-1),焦作,0.0,20200301,河南,10,16.00%,1600.0,13.78%,1378.4,核心链路
	#@!JIZCORELINK(69)$:8020-锦都花城-主L2/L3-1-子架1-23-TPA1EX8-5(OTN4002-锦都花城021-TQX-1)-8002-生产楼-L3-子架1-31-TPA1EX8S-5(8008-生产楼025-TQX-1),焦作,0.0,20200301,河南,10,18.00%,1800.0,13.64%,1363.76,核心链路
	#@!JIZCORELINK(70)$:8019-温县-备L2/L3-2-子架1-21-TPA1EX8-1(PORT-1)-8020-锦都花城-主L2/L3-1-子架1-21-TPA1EX8-1(PORT-1),焦作,0.0,20200301,河南,10,2.03%,203.0,2.02%,201.61,核心链路
	#@!JIZCORELINK(70)$:8019-温县-备L2/L3-2-子架1-22-TPA1EX8-1(PORT-1)-8020-锦都花城-主L2/L3-1-子架1-22-TPA1EX8-1(PORT-1),焦作,0.0,20200301,河南,10,1.00%,100.0,0.36%,35.76,核心链路
	#@!JIZCORELINK(70)$:8020-锦都花城-主L2/L3-1-子架1-21-TPA1EX8-3(PORT-3)-8019-温县-备L2/L3-2-子架1-21-TPA1EX8-3(PORT-3),焦作,0.0,20200301,河南,10,0.01%,1.0,0.01%,0.6,核心链路
	#@!JIZCORELINK(70)$:8020-锦都花城-主L2/L3-1-子架1-21-TPA1EX8-4(PORT-4)-8019-温县-备L2/L3-2-子架1-21-TPA1EX8-4(PORT-4),焦作,0.0,20200301,河南,10,0.01%,1.0,0.01%,0.6,核心链路
	#@!JIZCORELINK(70)$:8020-锦都花城-主L2/L3-1-子架1-21-TPA1EX8-5(PORT-5)-8019-温县-备L2/L3-2-子架1-21-TPA1EX8-5(PORT-5),焦作,0.0,20200301,河南,10,0.01%,1.0,0.01%,0.6,核心链路
	#@!JIZCORELINK(70)$:8020-锦都花城-主L2/L3-1-子架1-22-TPA1EX8-3(PORT-3)-8019-温县-备L2/L3-2-子架1-22-TPA1EX8-3(PORT-3),焦作,0.0,20200301,河南,10,0.01%,1.0,0.00%,0.12,核心链路
	#@!JIZCORELINK(70)$:8020-锦都花城-主L2/L3-1-子架1-22-TPA1EX8-4(PORT-4)-8019-温县-备L2/L3-2-子架1-22-TPA1EX8-4(PORT-4),焦作,0.0,20200301,河南,10,0.01%,1.0,0.00%,0.12,核心链路
	#@!JIZCORELINK(70)$:8020-锦都花城-主L2/L3-1-子架1-22-TPA1EX8-5(PORT-5)-8019-温县-备L2/L3-2-子架1-22-TPA1EX8-5(PORT-5),焦作,0.0,20200301,河南,10,0.01%,1.0,0.00%,0.12,核心链路
	#@!JIZCORELINK(71)$:8000-高新-L3-子架1-31-TPA1EX8S-1(PORT-1)-8019-温县-备L2/L3-2-子架1-23-TPA1EX8-1(PORT-1),焦作,0.0,20200301,河南,10,0.01%,1.0,0.00%,0.47,核心链路
	#@!JIZCORELINK(71)$:8000-高新-L3-子架1-31-TPA1EX8S-2(PORT-2)-8019-温县-备L2/L3-2-子架1-23-TPA1EX8-2(PORT-2),焦作,0.0,20200301,河南,10,0.01%,1.0,0.01%,0.82,核心链路
	#@!JIZCORELINK(71)$:8019-温县-备L2/L3-2-子架1-23-TPA1EX8-3(OTN4001-温县412-TQX-1)-8000-高新-L3-子架1-31-TPA1EX8S-3(OTN8001-高新123-TQX-1),焦作,0.0,20200301,河南,10,0.01%,1.0,0.00%,0.48,核心链路
	#@!JIZCORELINK(71)$:8019-温县-备L2/L3-2-子架1-23-TPA1EX8-4(OTN4001-温县413-TQX-1)-8000-高新-L3-子架1-31-TPA1EX8S-4(OTN8001-高新134-TQX-1),焦作,0.0,20200301,河南,10,0.01%,1.0,0.00%,0.48,核心链路
	#@!JIZCORELINK(71)$:8019-温县-备L2/L3-2-子架1-23-TPA1EX8-5(OTN4001-温县412-TQX-3)-8000-高新-L3-子架1-31-TPA1EX8S-5(OTN8001-高新123-TQX-3),焦作,0.0,20200301,河南,10,0.01%,1.0,0.00%,0.48,核心链路
	#@!JIZCORELINK(72)$:8002-生产楼-L3-子架1-30-TPA1EX8S-1(PORT-1)-8017-博爱-主L2/L3-1-子架1-23-TPA1EX8-1(PORT-1),焦作,0.0,20200301,河南,10,17.00%,1700.0,13.79%,1378.92,核心链路
	#@!JIZCORELINK(72)$:8002-生产楼-L3-子架1-30-TPA1EX8S-2(PORT-2)-8017-博爱-主L2/L3-1-子架1-23-TPA1EX8-2(PORT-2),焦作,0.0,20200301,河南,10,17.00%,1700.0,13.93%,1392.71,核心链路
	#@!JIZCORELINK(72)$:8017-博爱-主L2/L3-1-子架1-23-TPA1EX8-3(TO OTN7001-博爱 -411-TQX-1)-8002-生产楼-L3-子架1-30-TPA1EX8S-3(OTN8002-生产楼120-TQX-1),焦作,0.0,20200301,河南,10,16.00%,1600.0,13.01%,1300.71,核心链路
	#@!JIZCORELINK(72)$:8017-博爱-主L2/L3-1-子架1-23-TPA1EX8-4(TO OTN7001-博爱 -411-TQX-2)-8002-生产楼-L3-子架1-30-TPA1EX8S-4(OTN8002-生产楼120-TQX-2),焦作,0.0,20200301,河南,10,17.00%,1700.0,13.98%,1397.67,核心链路
	#@!JIZCORELINK(72)$:8017-博爱-主L2/L3-1-子架1-23-TPA1EX8-5(TO OTN7001-博爱 -413-TQX-2)-8002-生产楼-L3-子架1-30-TPA1EX8S-5(OTN8002-生产楼133-TQX-4),焦作,0.0,20200301,河南,10,16.00%,1600.0,13.05%,1304.57,核心链路
	#@!JIZCORELINK(73)$:8018-铭源新城-备L2/L3-2-子架1-21-TPA1EX8-1(PORT-1)-8017-博爱-主L2/L3-1-子架1-21-TPA1EX8-1(PORT-1),焦作,0.0,20200301,河南,10,3.87%,387.0,3.38%,338.0,核心链路
	#@!JIZCORELINK(73)$:8018-铭源新城-备L2/L3-2-子架1-21-TPA1EX8-3(PORT-3)-8017-博爱-主L2/L3-1-子架1-21-TPA1EX8-3(PORT-3),焦作,0.0,20200301,河南,10,0.01%,1.0,0.01%,0.6,核心链路
	#@!JIZCORELINK(73)$:8018-铭源新城-备L2/L3-2-子架1-21-TPA1EX8-4(PORT-4)-8017-博爱-主L2/L3-1-子架1-21-TPA1EX8-4(PORT-4),焦作,0.0,20200301,河南,10,0.01%,1.0,0.01%,0.6,核心链路
	#@!JIZCORELINK(73)$:8018-铭源新城-备L2/L3-2-子架1-21-TPA1EX8-5(PORT-5)-8017-博爱-主L2/L3-1-子架1-21-TPA1EX8-5(PORT-5),焦作,0.0,20200301,河南,10,0.01%,1.0,0.01%,0.6,核心链路
	#@!JIZCORELINK(73)$:8018-铭源新城-备L2/L3-2-子架1-22-TPA1EX8-1(PORT-1)-8017-博爱-主L2/L3-1-子架1-22-TPA1EX8-1(PORT-1),焦作,0.0,20200301,河南,10,0.59%,59.0,0.10%,9.66,核心链路
	#@!JIZCORELINK(73)$:8018-铭源新城-备L2/L3-2-子架1-22-TPA1EX8-3(PORT-3)-8017-博爱-主L2/L3-1-子架1-22-TPA1EX8-3(PORT-3),焦作,0.0,20200301,河南,10,0.01%,1.0,0.00%,0.12,核心链路
	#@!JIZCORELINK(73)$:8018-铭源新城-备L2/L3-2-子架1-22-TPA1EX8-4(PORT-4)-8017-博爱-主L2/L3-1-子架1-22-TPA1EX8-4(PORT-4),焦作,0.0,20200301,河南,10,0.01%,1.0,0.00%,0.12,核心链路
	#@!JIZCORELINK(73)$:8018-铭源新城-备L2/L3-2-子架1-22-TPA1EX8-5(PORT-5)-8017-博爱-主L2/L3-1-子架1-22-TPA1EX8-5(PORT-5),焦作,0.0,20200301,河南,10,0.01%,1.0,0.00%,0.12,核心链路
	#@!JIZCORELINK(74)$:8000-高新-L3-子架1-30-TPA1EX8S-1(OTN-8010-gaoxin-22-TQX-2)-8018-铭源新城-备L2/L3-2-子架1-23-TPA1EX8-1(OTN8018-铭源新城022-TQX-2),焦作,0.0,20200301,河南,10,0.01%,1.0,0.00%,0.47,核心链路
	#@!JIZCORELINK(74)$:8000-高新-L3-子架1-30-TPA1EX8S-2(OTN-8010-gaoxin-22-TQX-3)-8018-铭源新城-备L2/L3-2-子架1-23-TPA1EX8-2(OTN8018-铭源新城022-TQX-3),焦作,0.0,20200301,河南,10,0.01%,1.0,0.02%,1.67,核心链路
	#@!JIZCORELINK(74)$:8018-铭源新城-备L2/L3-2-子架1-23-TPA1EX8-3(TO OTN7002-铭源新城020-TQX-4)-8000-高新-L3-子架1-30-TPA1EX8S-3(OTN-8010-高新020-TQX-4),焦作,0.0,20200301,河南,10,0.01%,1.0,0.00%,0.48,核心链路
	#@!JIZCORELINK(74)$:8018-铭源新城-备L2/L3-2-子架1-23-TPA1EX8-4(TO OTN7002-铭源新城020-TQX-3)-8000-高新-L3-子架1-30-TPA1EX8S-4(OTN-8010-高新021-TQX-2),焦作,0.0,20200301,河南,10,0.01%,1.0,0.00%,0.48,核心链路
	#@!JIZCORELINK(74)$:8018-铭源新城-备L2/L3-2-子架1-23-TPA1EX8-5(TO OTN7002-铭源新城022-TQX-1)-8000-高新-L3-子架1-30-TPA1EX8S-5(OTN-8010-高新022-TQX-1),焦作,0.0,20200301,河南,10,0.01%,1.0,0.00%,0.48,核心链路
	#@!JIZCORELINK(76)$:焦作市核心落地环3-1010-生产楼落地二:1001-生产楼核心1-子架1-10-TPA1EX8S-1(1010-生产楼12-EX2-1)-1010-生产楼落地2-子架1-10-TPA1EX8S-1(1001-生产楼13-EX2-1),焦作,0.0,20200301,河南,10,5.54%,554.0,4.18%,417.89,核心链路
	#@!JIZCORELINK(77)$:焦作市核心落地环3-1010-生产楼落地二:1015-生产楼核心3-子架1-10-TPA1EX8S-2(1010-生产楼-7-EX2-1)-1010-生产楼落地2-子架1-3-TPA1EX8S-1(1015-生产楼11-EX2-2),焦作,0.0,20200301,河南,10,15.00%,1500.0,12.12%,1211.83,核心链路
	#@!JIZCORELINK(7)$:8002-生产楼-L3-子架1-16-TPA1EX8S-1(PORT-1)-8015-沁阳-主L2/3-1-子架1-4-TPA1EX8-1(PORT-1),焦作,0.0,20200301,河南,10,20.00%,2000.0,17.12%,1712.11,核心链路
	#@!JIZCORELINK(7)$:8002-生产楼-L3-子架1-16-TPA1EX8S-2(OTN8002-生产楼220-TQX-4)-8015-沁阳-主L2/3-1-子架1-4-TPA1EX8-2(OTN6001-沁阳414-TQX-3),焦作,0.0,20200301,河南,10,20.00%,2000.0,17.35%,1734.92,核心链路
	#@!JIZCORELINK(7)$:8002-生产楼-L3-子架1-16-TPA1EX8S-3(OTN8002-生产楼121-TQX-3)-8015-沁阳-主L2/3-1-子架1-4-TPA1EX8-3(OTN6001-沁阳411-TQX-3),焦作,0.0,20200301,河南,10,26.00%,2600.0,17.21%,1720.64,核心链路
	#@!JIZCORELINK(7)$:8002-生产楼-L3-子架1-16-TPA1EX8S-4(OTN8002-生产楼121-TQX-1)-8015-沁阳-主L2/3-1-子架1-4-TPA1EX8-4(OTN6001-沁阳411-TQX-1),焦作,0.0,20200301,河南,10,21.00%,2100.0,17.30%,1729.76,核心链路
	#@!JIZCORELINK(7)$:8002-生产楼-L3-子架1-16-TPA1EX8S-5(OTN8002-生产楼121-TQX-2)-8015-沁阳-主L2/3-1-子架1-4-TPA1EX8-5(OTN6001-沁阳411-TQX-2),焦作,0.0,20200301,河南,10,20.00%,2000.0,17.15%,1715.2,核心链路
	#@!JIZCORELINK(79)$:8020-锦都花城-主L2/L3-1-子架1-6-TPA1EX8-1(PORT-1)-4001-锦都花城-4-82EX2E-1(PORT-1),焦作,0.0,20200301,河南,10,38.00%,3800.0,34.00%,3399.5,核心链路
	#@!JIZCORELINK(79)$:8020-锦都花城-主L2/L3-1-子架1-6-TPA1EX8-2(PORT-2)-4001-锦都花城-4-82EX2E-2(PORT-2),焦作,0.0,20200301,河南,10,39.00%,3900.0,35.94%,3594.13,核心链路
	#@!JIZCORELINK(80)$:8019-温县-备L2/L3-2-子架1-6-TPA1EX8-1(PORT-1)-4000-温县-5-82EX2E-2(PORT-2),焦作,0.0,20200301,河南,10,0.48%,48.2,0.48%,48.23,核心链路
	#@!JIZCORELINK(80)$:8019-温县-备L2/L3-2-子架1-6-TPA1EX8-2(PORT-2)-4000-温县-14-82EX2E-2(PORT-2),焦作,0.0,20200301,河南,10,1.58%,158.0,1.05%,104.53,核心链路
	#@!JIZCORELINK(81)$:7000-博爱（替换）-子架1-3-TPA1EX8S-1(PORT-1)-8017-博爱-主L2/L3-1-子架1-6-TPA1EX8-1(PORT-1),焦作,0.0,20200301,河南,10,41.00%,4100.0,34.28%,3427.97,核心链路
	#@!JIZCORELINK(81)$:7000-博爱（替换）-子架1-3-TPA1EX8S-2(PORT-2)-8017-博爱-主L2/L3-1-子架1-6-TPA1EX8-2(PORT-2),焦作,0.0,20200301,河南,10,40.00%,4000.0,35.69%,3568.88,核心链路
	#@!JIZCORELINK(82)$:8002-生产楼-L3-子架1-32-TPA1EX8S-1(PORT-1)-8021-修武-主L2/L3-子架1-23-TPA1EX8-1(PORT-1),焦作,0.0,20200301,河南,10,13.00%,1300.0,9.78%,978.11,核心链路
	#@!JIZCORELINK(82)$:8002-生产楼-L3-子架1-32-TPA1EX8S-2(PORT-2)-8021-修武-主L2/L3-子架1-23-TPA1EX8-2(PORT-2),焦作,0.0,20200301,河南,10,11.00%,1100.0,8.91%,891.32,核心链路
	#@!JIZCORELINK(82)$:8021-修武-主L2/L3-子架1-23-TPA1EX8-3(TO OTN2001-修武412-TQX-2)-8002-生产楼-L3-子架1-32-TPA1EX8S-3(OTN8002-生产楼130-TQX-2 TO 8021-修武-23-EX8-3),焦作,0.0,20200301,河南,10,13.00%,1300.0,10.08%,1008.44,核心链路
	#@!JIZCORELINK(82)$:8021-修武-主L2/L3-子架1-23-TPA1EX8-4(TO OTN2001-修武413-TQX-3)-8002-生产楼-L3-子架1-32-TPA1EX8S-5(OTN8002-生产楼035-TQX-2  TO 8021-修武-23-EX8-5),焦作,0.0,20200301,河南,10,12.00%,1200.0,9.79%,978.87,核心链路
	#@!JIZCORELINK(82)$:8021-修武-主L2/L3-子架1-23-TPA1EX8-5(TO OTN2001-修武413-TQX-2)-8002-生产楼-L3-子架1-32-TPA1EX8S-4(OTN8002-生产楼035-TQX-1 TO 8021-修武-23-EX8-4),焦作,0.0,20200301,河南,10,14.00%,1400.0,10.09%,1008.52,核心链路
	#@!JIZCORELINK(83)$:8021-修武-主L2/L3-子架1-21-TPA1EX8-1(PORT-1)-8022-宁城大道-备L2/L3-子架1-21-TPA1EX8-1(PORT-1),焦作,0.0,20200301,河南,10,0.00%,0.0,0.00%,0.0,核心链路
	#@!JIZCORELINK(83)$:8021-修武-主L2/L3-子架1-22-TPA1EX8-1(PORT-1)-8022-宁城大道-备L2/L3-子架1-22-TPA1EX8-1(PORT-1),焦作,0.0,20200301,河南,10,0.00%,0.0,0.00%,0.0,核心链路
	#@!JIZCORELINK(83)$:8022-宁城大道-备L2/L3-子架1-21-TPA1EX8-3(PORT-3)-8021-修武-主L2/L3-子架1-21-TPA1EX8-3(PORT-3),焦作,0.0,20200301,河南,10,0.00%,0.0,0.00%,0.0,核心链路
	#@!JIZCORELINK(83)$:8022-宁城大道-备L2/L3-子架1-21-TPA1EX8-4(PORT-4)-8021-修武-主L2/L3-子架1-21-TPA1EX8-4(PORT-4),焦作,0.0,20200301,河南,10,0.00%,0.0,0.00%,0.0,核心链路
	#@!JIZCORELINK(83)$:8022-宁城大道-备L2/L3-子架1-21-TPA1EX8-5(PORT-5)-8021-修武-主L2/L3-子架1-21-TPA1EX8-5(PORT-5),焦作,0.0,20200301,河南,10,0.00%,0.0,0.00%,0.0,核心链路
	#@!JIZCORELINK(83)$:8022-宁城大道-备L2/L3-子架1-22-TPA1EX8-3(PORT-3)-8021-修武-主L2/L3-子架1-22-TPA1EX8-3(PORT-3),焦作,0.0,20200301,河南,10,0.00%,0.0,0.00%,0.0,核心链路
	#@!JIZCORELINK(83)$:8022-宁城大道-备L2/L3-子架1-22-TPA1EX8-4(PORT-4)-8021-修武-主L2/L3-子架1-22-TPA1EX8-4(PORT-4),焦作,0.0,20200301,河南,10,0.00%,0.0,0.00%,0.0,核心链路
	#@!JIZCORELINK(83)$:8022-宁城大道-备L2/L3-子架1-22-TPA1EX8-5(PORT-5)-8021-修武-主L2/L3-子架1-22-TPA1EX8-5(PORT-5),焦作,0.0,20200301,河南,10,0.00%,0.0,0.00%,0.0,核心链路
	#@!JIZCORELINK(84)$:8000-高新-L3-子架1-32-TPA1EX8S-1(PORT-1)-8022-宁城大道-备L2/L3-子架1-23-TPA1EX8-1(PORT-1),焦作,0.0,20200301,河南,10,0.00%,0.0,0.00%,0.0,核心链路
	#@!JIZCORELINK(84)$:8000-高新-L3-子架1-32-TPA1EX8S-2(PORT-2)-8022-宁城大道-备L2/L3-子架1-23-TPA1EX8-2(PORT-2),焦作,0.0,20200301,河南,10,0.00%,0.0,0.00%,0.0,核心链路
	#@!JIZCORELINK(84)$:8022-宁城大道-备L2/L3-子架1-23-TPA1EX8-3(TO OTN2002-宁城大道020-TQX-4)-8000-高新-L3-子架1-32-TPA1EX8S-3(OTN8009-高新020-TQX-4),焦作,0.0,20200301,河南,10,0.00%,0.0,0.00%,0.0,核心链路
	#@!JIZCORELINK(84)$:8022-宁城大道-备L2/L3-子架1-23-TPA1EX8-4(TO OTN2002-宁城大道021-TQX-2)-8000-高新-L3-子架1-32-TPA1EX8S-4(OTN8009-高新022-TQX-2),焦作,0.0,20200301,河南,10,0.00%,0.0,0.00%,0.0,核心链路
	#@!JIZCORELINK(84)$:8022-宁城大道-备L2/L3-子架1-23-TPA1EX8-5(PORT-5)-8000-高新-L3-子架1-32-TPA1EX8S-5(PORT-5),焦作,0.0,20200301,河南,10,0.00%,0.0,0.00%,0.0,核心链路
	#@!JIZCORELINK(8)$:8015-沁阳-主L2/3-1-子架1-5-TPA1EX8-4(PORT-4)-8016-锦绣江南-备L2/3-2-子架1-5-TPA1EX8-4(PORT-4),焦作,0.0,20200301,河南,10,0.01%,1.0,0.01%,0.6,核心链路
	#@!JIZCORELINK(8)$:8015-沁阳-主L2/3-1-子架1-5-TPA1EX8-5(PORT-5)-8016-锦绣江南-备L2/3-2-子架1-5-TPA1EX8-5(PORT-5),焦作,0.0,20200301,河南,10,0.01%,1.0,0.00%,0.48,核心链路
	#@!JIZCORELINK(8)$:8015-沁阳-主L2/3-1-子架1-6-TPA1EX8-4(PORT-4)-8016-锦绣江南-备L2/3-2-子架1-6-TPA1EX8-4(PORT-4),焦作,0.0,20200301,河南,10,0.01%,1.0,0.00%,0.12,核心链路
	#@!JIZCORELINK(8)$:8015-沁阳-主L2/3-1-子架1-6-TPA1EX8-5(PORT-5)-8016-锦绣江南-备L2/3-2-子架1-6-TPA1EX8-5(PORT-5),焦作,0.0,20200301,河南,10,0.01%,1.0,0.00%,0.12,核心链路
	#@!JIZCORELINK(8)$:8016-锦绣江南-备L2/3-2-子架1-5-TPA1EX8-2(PORT-2)-8015-沁阳-主L2/3-1-子架1-5-TPA1EX8-2(PORT-2),焦作,0.0,20200301,河南,10,0.45%,45.0,0.54%,53.61,核心链路
	#@!JIZCORELINK(8)$:8016-锦绣江南-备L2/3-2-子架1-5-TPA1EX8-3(PORT-3)-8015-沁阳-主L2/3-1-子架1-5-TPA1EX8-3(PORT-3),焦作,0.0,20200301,河南,10,0.94%,94.0,0.26%,26.05,核心链路
	#@!JIZCORELINK(8)$:8016-锦绣江南-备L2/3-2-子架1-6-TPA1EX8-2(PORT-2)-8015-沁阳-主L2/3-1-子架1-6-TPA1EX8-2(PORT-2),焦作,0.0,20200301,河南,10,0.01%,1.0,0.01%,0.72,核心链路
	#@!JIZCORELINK(8)$:8016-锦绣江南-备L2/3-2-子架1-6-TPA1EX8-3(PORT-3)-8015-沁阳-主L2/3-1-子架1-6-TPA1EX8-3(PORT-3),焦作,0.0,20200301,河南,10,0.01%,1.0,0.02%,1.72,核心链路
	#@!JIZCORELINK(8)$:LTE骨干调度环11-焦作市:8015-沁阳-子架1-6-TPA1EX8-1(PORT-1)-8016-锦绣江南-子架1-6-TPA1EX8-1(PORT-1),焦作,0.0,20200301,河南,10,0.69%,69.0,0.19%,19.05,核心链路
	#@!JIZCORELINK(8)$:LTE骨干调度环11-焦作市:8016-锦绣江南L2/3-2-子架1-5-TPA1EX8-1(PORT-1)-8015-沁阳L2/3-1-子架1-5-TPA1EX8-1(PORT-1),焦作,0.0,20200301,河南,10,2.33%,233.0,2.19%,218.94,核心链路
	#@!JIZCORELINK(9)$:8000-高新-L3-子架1-16-TPA1EX8S-1(OTN8001-高新123-TQX-2)-8016-锦绣江南-备L2/3-2-子架1-4-TPA1EX8-1(OTN4000-温县412-TDX-2),焦作,0.0,20200301,河南,10,0.94%,94.0,0.85%,84.96,核心链路
	#@!JIZCORELINK(9)$:8000-高新-L3-子架1-16-TPA1EX8S-2(OTN8010-高新021-TQX-4)-8016-锦绣江南-备L2/3-2-子架1-4-TPA1EX8-2(OTN6002-锦绣江南021-TQX-2),焦作,0.0,20200301,河南,10,0.01%,1.0,0.00%,0.47,核心链路
	#@!JIZCORELINK(9)$:8000-高新-L3-子架1-16-TPA1EX8S-3(OTN8010-高新020-TQX-3)-8016-锦绣江南-备L2/3-2-子架1-4-TPA1EX8-3(OTN6002-锦绣江南020-TQX-3),焦作,0.0,20200301,河南,10,0.01%,1.0,0.00%,0.47,核心链路
	#@!JIZCORELINK(9)$:8016-锦绣江南-备L2/3-2-子架1-4-TPA1EX8-4(OTN6002-锦绣江南023-TQX-1)-8000-高新-L3-子架1-16-TPA1EX8S-4(OTN8010-高新023-TQX-1),焦作,0.0,20200301,河南,10,0.01%,1.0,0.00%,0.48,核心链路
	#@!JIZCORELINK(9)$:8016-锦绣江南-备L2/3-2-子架1-4-TPA1EX8-5(OTN6002-锦绣江南023-TQX-2)-8000-高新-L3-子架1-16-TPA1EX8S-5(OTN8010-高新023-TQX-2),焦作,0.0,20200301,河南,10,0.01%,1.0,0.00%,0.48,核心链路
LTE骨干调度环1-焦作市:8000-高新-L3-子架1-1-TPA1EX8S-1(TO-GX-PTN6900-16-2-XGE1/0/0)-8001-高新-L2/L3-子架1-0(GigabitEthernet1/0/0),焦作,0.0,20200301,河南,10,0.02%,2.22,0.02%,2.22,核心链路
LTE骨干调度环1-焦作市:8002-生产楼-L3-子架1-1-TPA1EX8S-1(TO-SCL-PTN6900-16-2-XGE1/0/0)-8003-生产楼-L2/L3-子架1-0(GigabitEthernet1/0/0),焦作,0.0,20200301,河南,10,0.56%,56.0,0.12%,11.82,核心链路
LTE骨干调度环1-焦作市:8002-生产楼-L3-子架1-3-TPA1EX8S-1(TO-GX-PTN6900-16-1-XGE6/0/0)-8000-高新-L3-子架1-3-TPA1EX8S-1(TO-SCL-PTN6900-16-1-XGE6/0/0),焦作,0.0,20200301,河南,10,0.01%,1.0,0.00%,0.0,核心链路
武陟县汇聚环5-武陟机房2:3003-澳通苑1-子架1-4-TPA1EX8S-5(PORT-5)-3011-武陟机房2-11-82EX2-1(PORT-1),焦作,0.0,20200301,河南,10,6.91%,691.0,5.37%,536.82,核心链路
武陟县汇聚环5-武陟机房2:3011-武陟2-8-82EX2-1(Port-1)-3000-武陟-13-82EX2-1(Port-1),焦作,0.0,20200301,河南,10,9.78%,977.73,9.55%,955.2,核心链路
武陟县汇聚环6(LTE叠加)-武陟机房2:3003-澳通苑1-子架1-4-TPA1EX8S-6(PORT-6)-3011-武陟机房2-11-82EX2-2(PORT-2),焦作,0.0,20200301,河南,10,7.39%,739.0,5.95%,594.93,核心链路
武陟县汇聚环6(LTE叠加)-武陟机房2:3011-武陟机房2-8-82EX2-2(PORT-2)-3000-武陟-13-82EX2-2(PORT-2),焦作,0.0,20200301,河南,10,2.33%,233.37,2.05%,205.34,核心链路
1000-高新核心1-子架1-3-TPA1EX8S-2(1009-高新7-EX2-1)-1009-高新落地2-子架1-3-TPA1EX8S-1(1000-高新 6-EX2-1),焦作,0.0,20200302,河南,10,5.33%,533.0,3.79%,378.62,核心链路
1000-高新核心1-子架1-4-TPA1EX8S-1(1008-高新 7-EX2-2)-1008-高新落地1-子架1-3-TPA1EX8S-1(1000-高新6-EX2-2),焦作,0.0,20200302,河南,10,5.53%,553.0,4.35%,435.04,核心链路
1008-高新落地一-子架1-10-TPA1EX8S-1(1013-高新 11-EX2-2)-1013-高新核心3-11-82EX2-2(1008-高新-12-EX2-2),焦作,0.0,20200302,河南,10,6.94%,694.0,5.42%,542.09,核心链路
1008-高新落地一-子架1-4-TPA1EX8S-1(1006-高新6-EX2-2)-1006-高新核心2-6-82EX2-2(1008-高新7-EX2-1),焦作,0.0,20200302,河南,10,13.00%,1300.0,10.67%,1067.05,核心链路
1008-高新落地一-子架1-9-TPA1EX8S-1(1016-高新 11-EX2-2)-1016-高新核心4-11-82EX2-2(1008-高新-12-EX2-1),焦作,0.0,20200302,河南,10,12.00%,1200.0,9.55%,954.77,核心链路
1009-高新落地二-子架1-10-TPA1EX8S-1(1013-高新 12-EX2-2)-1013-高新核心3-12-82EX2-2(1009-高新-12-EX2-1),焦作,0.0,20200302,河南,10,5.96%,596.0,4.53%,452.53,核心链路
1009-高新落地二-子架1-10-TPA1EX8S-2(PORT-2)-1006-高新核心2-11-82EX2-2(PORT-2),焦作,0.0,20200302,河南,10,0.84%,84.49,0.84%,83.75,核心链路
1009-高新落地二-子架1-4-TPA1EX8S-1(1006-高新-6-EX2-1)-1006-高新核心2-6-82EX2-1(1009-高新7-EX2-2),焦作,0.0,20200302,河南,10,1.54%,153.6,1.49%,148.79,核心链路
1009-高新落地二-子架1-9-TPA1EX8S-1(1016-高新-12-EX2-2)-1016-高新核心4-12-82EX2-2(1009-高新-12-EX2-2),焦作,0.0,20200302,河南,10,2.54%,254.0,2.50%,249.94,核心链路
3003-澳通苑1-子架1-10-TPA1EX8S-5(PORT-5)-8012-澳通苑-主L2/L3-1-子架1-7-TPA1EX8-5(PORT-5),焦作,0.0,20200302,河南,10,22.00%,2200.0,19.27%,1926.89,核心链路
8018-铭源新城-备L2/L3-2-子架1-6-TPA1EX8-2(PORT-2)-7001-铭源新城-5-82EX2E-2(PORT-2),焦作,0.0,20200302,河南,10,0.83%,83.26,0.83%,83.28,核心链路
	#@!JIZCORELINK(10)$焦作市核心调度环19-郊县:5003-凤凰路替换-子架1-3-TPA1EX8S-3(PORT-3)-8014-凤凰路-备L2/L3-2-子架1-7-TPA1EX8-1(PORT-1),焦作,0.0,20200302,河南,10,0.51%,51.0,0.40%,39.52,核心链路
	#@!JIZCORELINK(10)$焦作市核心调度环19-郊县:5003-凤凰路替换-子架1-3-TPA1EX8S-4(PORT-4)-8014-凤凰路-备L2/L3-2-子架1-7-TPA1EX8-2(PORT-2),焦作,0.0,20200302,河南,10,0.81%,81.0,0.30%,30.0,核心链路
	#@!JIZCORELINK(10)$焦作市核心调度环19-郊县:5003-凤凰路替换-子架1-4-TPA1EX8S-3(PORT-3)-8014-凤凰路-备L2/L3-2-子架1-7-TPA1EX8-5(PORT-5),焦作,0.0,20200302,河南,10,0.41%,41.0,0.40%,40.4,核心链路
	#@!JIZCORELINK(10)$焦作市核心调度环19-郊县:5003-凤凰路替换-子架1-4-TPA1EX8S-4(PORT-4)-8014-凤凰路-备L2/L3-2-子架1-7-TPA1EX8-6(PORT-6),焦作,0.0,20200302,河南,10,0.47%,47.0,0.45%,45.42,核心链路
	#@!JIZCORELINK(11)$焦作市核心调度环19-郊县:5011-孟州2-12-82EX2-1(PORT-1)-8013-孟州-主L2/L3-1-子架1-7-TPA1EX8-5(PORT-5),焦作,0.0,20200302,河南,10,22.00%,2200.0,17.81%,1781.45,核心链路
	#@!JIZCORELINK(11)$焦作市核心调度环19-郊县:5011-孟州2-12-82EX2-2(PORT-2)-8013-孟州-主L2/L3-1-子架1-7-TPA1EX8-6(PORT-6),焦作,0.0,20200302,河南,10,29.00%,2900.0,25.07%,2506.75,核心链路
	#@!JIZCORELINK(11)$焦作市核心调度环19-郊县:8013-孟州-L2/L3-子架1-7-TPA1EX8-1(PORT-1)-5011-孟州2-13-82EX2-1(PORT-1),焦作,0.0,20200302,河南,10,18.00%,1800.0,15.04%,1504.38,核心链路
	#@!JIZCORELINK(11)$焦作市核心调度环19-郊县:8013-孟州-L2/L3-子架1-7-TPA1EX8-2(PORT-2)-5011-孟州2-13-82EX2-2(PORT-2),焦作,0.0,20200302,河南,10,11.00%,1100.0,8.38%,838.27,核心链路
	#@!JIZCORELINK(12)$焦作市核心调度环20-郊县:6001-锦绣江南-4-82EX2-1(PORT-1)-8016-锦绣江南L2/3-2-子架1-7-TPA1EX8-5(PORT-5),焦作,0.0,20200302,河南,10,0.25%,25.0,0.29%,29.32,核心链路
	#@!JIZCORELINK(12)$焦作市核心调度环20-郊县:6001-锦绣江南-4-82EX2-2(PORT-2)-8016-锦绣江南L2/3-2-子架1-7-TPA1EX8-6(PORT-6),焦作,0.0,20200302,河南,10,1.40%,140.0,1.18%,118.5,核心链路
	#@!JIZCORELINK(12)$焦作市核心调度环20-郊县:8016-锦绣江南L2/3-2-子架1-7-TPA1EX8-1(PORT-1)-6001-锦绣江南-14-82EX2-1(PORT-1),焦作,0.0,20200302,河南,10,31.00%,3100.0,27.03%,2702.81,核心链路
	#@!JIZCORELINK(12)$焦作市核心调度环20-郊县:8016-锦绣江南L2/3-2-子架1-7-TPA1EX8-2(PORT-2)-6001-锦绣江南-14-82EX2-2(PORT-2),焦作,0.0,20200302,河南,10,40.00%,4000.0,35.59%,3558.77,核心链路
	#@!JIZCORELINK(13)$焦作市核心调度环20-郊县:8015-沁阳L2/3-1-子架1-7-TPA1EX8-5(PORT-5)-6013-沁阳2-6-82EX2-1(PORT-1),焦作,0.0,20200302,河南,10,17.00%,1700.0,15.20%,1520.06,核心链路
	#@!JIZCORELINK(13)$焦作市核心调度环20-郊县:8015-沁阳L2/3-1-子架1-7-TPA1EX8-6(PORT-6)-6013-沁阳2-6-82EX2-2(PORT-2),焦作,0.0,20200302,河南,10,16.00%,1600.0,13.08%,1308.32,核心链路
	#@!JIZCORELINK(13)$焦作市核心调度环20-郊县:8015-沁阳-子架1-7-TPA1EX8-1(PORT-1)-6013-沁阳2-14-82EX2-1(PORT-1),焦作,0.0,20200302,河南,10,0.32%,32.0,0.37%,37.19,核心链路
	#@!JIZCORELINK(13)$焦作市核心调度环20-郊县:8015-沁阳-子架1-7-TPA1EX8-2(PORT-2)-6013-沁阳2-14-82EX2-2(PORT-2),焦作,0.0,20200302,河南,10,1.59%,159.0,0.89%,88.95,核心链路
	#@!JIZCORELINK(14)$焦作市核心调度环21-郊县:8011-武陟-L2/L3-子架1-7-TPA1EX8-2(PORT-2)-3011-武陟机房2-7-82EX2-1(PORT-1),焦作,0.0,20200302,河南,10,0.00%,0.0,0.00%,0.0,核心链路
	#@!JIZCORELINK(14)$焦作市核心调度环21-郊县:8011-武陟-L2/L3-子架1-7-TPA1EX8-3(PORT-3)-3011-武陟机房2-7-82EX2-2(PORT-2),焦作,0.0,20200302,河南,10,0.00%,0.0,0.00%,0.0,核心链路
	#@!JIZCORELINK(15)$焦作市核心调度环21-郊县:8011-武陟-L2/L3-子架1-7-TPA1EX8-1(PORT-1)-3000-武陟-6-82EX2-1(PORT-1),焦作,0.0,20200302,河南,10,0.00%,0.0,0.00%,0.0,核心链路
	#@!JIZCORELINK(16)$焦作市核心调度环21-郊县:3003-澳通苑1-子架1-4-TPA1EX8S-3(8012-澳通苑-7-1)-8012-澳通苑-主L2/L3-1-子架1-7-TPA1EX8-1(PORT-1),焦作,0.0,20200302,河南,10,28.00%,2800.0,25.18%,2518.07,核心链路
	#@!JIZCORELINK(16)$焦作市核心调度环21-郊县:3003-澳通苑1-子架1-4-TPA1EX8S-4(8012-澳通苑-7-2)-8012-澳通苑-主L2/L3-1-子架1-7-TPA1EX8-2(PORT-2),焦作,0.0,20200302,河南,10,49.00%,4900.0,44.98%,4498.03,核心链路
	#@!JIZCORELINK(17)$焦作市核心调度环22-市区:1034-高新替换-子架1-3-TPA1EX8S-1(PORT-1)-8001-高新-L2/L3-子架1-2(GigabitEthernet8/2/2),焦作,0.0,20200302,河南,10,1.04%,104.3,0.98%,98.06,核心链路
	#@!JIZCORELINK(17)$焦作市核心调度环22-市区:1036-生产楼-子架1-3-TPA1EX8S-3(PORT-3)-8003-生产楼-L2/L3-子架1-2(GigabitEthernet8/2/2),焦作,0.0,20200302,河南,10,23.00%,2300.0,19.40%,1940.32,核心链路
	#@!JIZCORELINK(1)$:8000-高新-L3-子架1-14-TPA1EX8S-2(PORT-2)-8011-武陟-备L2/L3-2-子架1-4-TPA1EX8-2(PORT-2),焦作,0.0,20200302,河南,10,0.00%,0.0,0.00%,0.0,核心链路
	#@!JIZCORELINK(1)$:8000-高新-L3-子架1-14-TPA1EX8S-3(OTN8001-高新031-TQX-1)-8011-武陟-备L2/L3-2-子架1-4-TPA1EX8-3(OTN3001-武陟413-TQX-3),焦作,0.0,20200302,河南,10,0.00%,0.0,0.00%,0.0,核心链路
	#@!JIZCORELINK(1)$:8011-武陟-备L2/L3-2-子架1-4-TPA1EX8-4(OTN3001-武陟411-TQX-1)-8000-高新-L3-子架1-14-TPA1EX8S-4(OTN8001-高新129-TQX-1),焦作,0.0,20200302,河南,10,0.00%,0.0,0.00%,0.0,核心链路
	#@!JIZCORELINK(1)$:8011-武陟-备L2/L3-2-子架1-4-TPA1EX8-5(OTN3001-武陟411-TQX-2)-8000-高新-L3-子架1-14-TPA1EX8S-5(OTN8001-高新129-TQX-2),焦作,0.0,20200302,河南,10,0.00%,0.0,0.00%,0.0,核心链路
	#@!JIZCORELINK(1)$:8011-武陟-备L2/L3-2-子架1-4-TPA1EX8-6(OTN3001-武陟411-TQX-3)-8000-高新-L3-子架1-14-TPA1EX8S-6(OTN8001-高新129-TQX-3),焦作,0.0,20200302,河南,10,0.00%,0.0,0.00%,0.0,核心链路
	#@!JIZCORELINK(18)$焦作市核心调度环23-市区:1035-高新-子架1-4-TPA1EX8S-1(PORT-1)-8001-高新-L2/L3-子架1-3(GigabitEthernet8/2/3),焦作,0.0,20200302,河南,10,2.07%,207.0,1.11%,110.65,核心链路
	#@!JIZCORELINK(18)$焦作市核心调度环23-市区:1037-生产楼-子架1-3-TPA1EX8S-3(PORT-3)-8003-生产楼-L2/L3-子架1-3(GigabitEthernet8/2/3),焦作,0.0,20200302,河南,10,20.00%,2000.0,15.89%,1588.91,核心链路
	#@!JIZCORELINK(19)$:8000-高新-L3-子架1-1-TPA1EX8S-6(PORT-6)-8004-高新-2-L2/L3-子架1-3(GigabitEthernet1/2/3),焦作,0.0,20200302,河南,10,0.02%,1.66,0.02%,1.55,核心链路
	#@!JIZCORELINK(19)$:8000-高新-L3-子架1-1-TPA1EX8S-7(PORT-7)-8004-高新-2-L2/L3-子架1-4(GigabitEthernet1/2/4),焦作,0.0,20200302,河南,10,0.01%,1.41,0.01%,1.32,核心链路
	#@!JIZCORELINK(19)$:8000-高新-L3-子架1-2-TPA1EX8S-1(PORT-1)-8004-高新-2-L2/L3-子架1-0(GigabitEthernet1/0/0),焦作,0.0,20200302,河南,10,0.83%,83.48,0.83%,83.36,核心链路
	#@!JIZCORELINK(19)$:8000-高新-L3-子架1-2-TPA1EX8S-2(PORT-2)-8004-高新-2-L2/L3-子架1-1(GigabitEthernet1/0/1),焦作,0.0,20200302,河南,10,0.01%,0.92,0.01%,0.92,核心链路
	#@!JIZCORELINK(19)$:8000-高新-L3-子架1-2-TPA1EX8S-3(PORT-3)-8004-高新-2-L2/L3-子架1-2(GigabitEthernet1/0/2),焦作,0.0,20200302,河南,10,0.01%,0.71,0.01%,0.71,核心链路
	#@!JIZCORELINK(19)$:8000-高新-L3-子架1-2-TPA1EX8S-4(TO-8004-1/0/3)-8004-高新-2-L2/L3-子架1-3(GigabitEthernet1/0/3),焦作,0.0,20200302,河南,10,0.00%,0.4,0.00%,0.4,核心链路
	#@!JIZCORELINK(19)$:8000-高新-L3-子架1-2-TPA1EX8S-5(TO-8004-1/0/4)-8004-高新-2-L2/L3-子架1-4(GigabitEthernet1/0/4),焦作,0.0,20200302,河南,10,0.00%,0.4,0.00%,0.4,核心链路
	#@!JIZCORELINK(19)$:8000-高新-L3-子架1-2-TPA1EX8S-6(PORT-6)-8004-高新-2-L2/L3-子架1-0(GigabitEthernet1/2/0),焦作,0.0,20200302,河南,10,0.02%,2.18,0.02%,2.08,核心链路
	#@!JIZCORELINK(19)$:8000-高新-L3-子架1-2-TPA1EX8S-7(PORT-7)-8004-高新-2-L2/L3-子架1-1(GigabitEthernet1/2/1),焦作,0.0,20200302,河南,10,0.02%,1.54,0.01%,1.41,核心链路
	#@!JIZCORELINK(19)$:8000-高新-L3-子架1-2-TPA1EX8S-8(PORT-8)-8004-高新-2-L2/L3-子架1-2(GigabitEthernet1/2/2),焦作,0.0,20200302,河南,10,0.02%,1.91,0.02%,1.75,核心链路
	#@!JIZCORELINK(1)$:LTE骨干调度环3-焦作市:8000-高新-L3-子架1-14-TPA1EX8S-1(8011-4-EX8-1)-8011-武陟-备L2/L3-2-子架1-4-TPA1EX8-1(8000-10-0-0),焦作,0.0,20200302,河南,10,0.00%,0.0,0.00%,0.0,核心链路
	#@!JIZCORELINK(20)$:8002-生产楼-L3-子架1-1-TPA1EX8S-6(PORT-6)-8005-生产楼-2-L2/L3-子架1-3(GigabitEthernet1/2/3),焦作,0.0,20200302,河南,10,10.00%,1000.0,6.65%,665.01,核心链路
	#@!JIZCORELINK(20)$:8002-生产楼-L3-子架1-1-TPA1EX8S-7(PORT-7)-8005-生产楼-2-L2/L3-子架1-4(GigabitEthernet1/2/4),焦作,0.0,20200302,河南,10,9.08%,908.0,6.62%,662.21,核心链路
	#@!JIZCORELINK(20)$:8002-生产楼-L3-子架1-2-TPA1EX8S-1(PORT-1)-8005-生产楼-2-L2/L3-子架1-0(GigabitEthernet1/0/0),焦作,0.0,20200302,河南,10,9.93%,993.0,6.17%,616.62,核心链路
	#@!JIZCORELINK(20)$:8002-生产楼-L3-子架1-2-TPA1EX8S-2(PORT-2)-8005-生产楼-2-L2/L3-子架1-1(GigabitEthernet1/0/1),焦作,0.0,20200302,河南,10,9.82%,982.0,6.22%,621.79,核心链路
	#@!JIZCORELINK(20)$:8002-生产楼-L3-子架1-2-TPA1EX8S-3(PORT-3)-8005-生产楼-2-L2/L3-子架1-2(GigabitEthernet1/0/2),焦作,0.0,20200302,河南,10,11.00%,1100.0,6.16%,616.48,核心链路
	#@!JIZCORELINK(20)$:8002-生产楼-L3-子架1-2-TPA1EX8S-4(PORT-4)-8005-生产楼-2-L2/L3-子架1-3(GigabitEthernet1/0/3),焦作,0.0,20200302,河南,10,11.00%,1100.0,6.13%,613.45,核心链路
	#@!JIZCORELINK(20)$:8002-生产楼-L3-子架1-2-TPA1EX8S-5(PORT-5)-8005-生产楼-2-L2/L3-子架1-4(GigabitEthernet1/0/4),焦作,0.0,20200302,河南,10,8.67%,867.0,6.47%,646.63,核心链路
	#@!JIZCORELINK(20)$:8002-生产楼-L3-子架1-2-TPA1EX8S-6(PORT-6)-8005-生产楼-2-L2/L3-子架1-0(GigabitEthernet1/2/0),焦作,0.0,20200302,河南,10,9.13%,913.0,6.21%,620.62,核心链路
	#@!JIZCORELINK(20)$:8002-生产楼-L3-子架1-2-TPA1EX8S-7(PORT-7)-8005-生产楼-2-L2/L3-子架1-1(GigabitEthernet1/2/1),焦作,0.0,20200302,河南,10,8.82%,882.0,6.47%,646.52,核心链路
	#@!JIZCORELINK(20)$:8002-生产楼-L3-子架1-2-TPA1EX8S-8(PORT-8)-8005-生产楼-2-L2/L3-子架1-2(GigabitEthernet1/2/2),焦作,0.0,20200302,河南,10,8.67%,867.0,6.22%,622.48,核心链路
	#@!JIZCORELINK(21)$:8004-高新-2-L2/L3-子架1-1(GigabitEthernet6/0/1)-8005-生产楼-2-L2/L3-子架1-1(GigabitEthernet6/0/1),焦作,0.0,20200302,河南,10,0.00%,0.42,0.00%,0.42,核心链路
	#@!JIZCORELINK(21)$:8004-高新-2-L2/L3-子架1-1(GigabitEthernet8/0/1)-8005-生产楼-2-L2/L3-子架1-1(GigabitEthernet8/0/1),焦作,0.0,20200302,河南,10,0.00%,0.4,0.00%,0.4,核心链路
	#@!JIZCORELINK(21)$:8004-高新-2-L2/L3-子架1-2(GigabitEthernet6/0/2)-8005-生产楼-2-L2/L3-子架1-2(GigabitEthernet6/0/2),焦作,0.0,20200302,河南,10,0.00%,0.4,0.00%,0.4,核心链路
	#@!JIZCORELINK(21)$:LTE骨干调度环2-焦作市:8004-高新-2-L2/L3-子架1-0(GigabitEthernet6/0/0)-8005-生产楼-2-L2/L3-子架1-0(GigabitEthernet6/0/0),焦作,0.0,20200302,河南,10,0.24%,24.38,0.24%,24.38,核心链路
	#@!JIZCORELINK(21)$:LTE骨干调度环2-焦作市:8004-高新-2-L2/L3-子架1-0(GigabitEthernet8/0/0)-8005-生产楼-2-L2/L3-子架1-0(GigabitEthernet8/0/0),焦作,0.0,20200302,河南,10,5.47%,547.37,5.45%,545.11,核心链路
	#@!JIZCORELINK(22)$焦作市核心调度环10-郊县:1016-高新核心4-13-82EX2-2(8001-3/0/1)-8001-高新-L2/L3-子架1-1(GigabitEthernet3/0/1),焦作,0.0,20200302,河南,10,0.39%,39.16,0.36%,36.33,核心链路
	#@!JIZCORELINK(23)$焦作市核心调度环10-郊县:1014-生产楼核心4-子架1-3-TPA1EX8S-3(8003-生产楼6900-L2/L3-2/0/1)-8003-生产楼-L2/L3-子架1-1(GigabitEthernet2/0/1),焦作,0.0,20200302,河南,10,26.00%,2600.0,22.25%,2225.25,核心链路
	#@!JIZCORELINK(24)$焦作市核心调度环5-市区:1000-高新核心1-子架1-9-TPA1EX8S-2(8001-高新L2/L3-8/2/0)-8001-高新-L2/L3-子架1-0(GigabitEthernet8/2/0),焦作,0.0,20200302,河南,10,1.57%,156.56,1.51%,150.96,核心链路
	#@!JIZCORELINK(25)$焦作市核心调度环5-市区:1001-生产楼核心1-子架1-4-TPA1EX8S-1(8003-生产楼L2/L3-8/2/0)-8003-生产楼-L2/L3-子架1-0(GigabitEthernet8/2/0),焦作,0.0,20200302,河南,10,53.00%,5300.0,47.61%,4760.52,核心链路
	#@!JIZCORELINK(26)$焦作市核心调度环6-市区:TNL-L2/L3-PTN6900-16-2-子架1-1(GigabitEthernet8/2/1)-1013-高新-12-82EX2-1(对接高新PTN6900-L2/L3),焦作,0.0,20200302,河南,10,1.96%,196.0,1.13%,113.14,核心链路
	#@!JIZCORELINK(27)$焦作市核心调度环6-市区:1015-生产楼核心3-子架1-10-TPA1EX8S-4(8003-生产楼6900-L2/L3-8/2/1)-8003-生产楼-L2/L3-子架1-1(GigabitEthernet8/2/1),焦作,0.0,20200302,河南,10,23.00%,2300.0,18.13%,1812.61,核心链路
	#@!JIZCORELINK(2)$:8002-生产楼-L3-子架1-14-TPA1EX8S-2(OTN8007-021-TQX-3)-8012-澳通苑-主L2/L3-1-子架1-4-TPA1EX8-2(OTN3002-澳通苑023-TQX-3),焦作,0.0,20200302,河南,10,25.00%,2500.0,21.22%,2122.0,核心链路
	#@!JIZCORELINK(2)$:8002-生产楼-L3-子架1-14-TPA1EX8S-3(OTN8007-020-TQX-4)-8012-澳通苑-主L2/L3-1-子架1-4-TPA1EX8-3(OTN3002-澳通苑021-TQX-2),焦作,0.0,20200302,河南,10,25.00%,2500.0,21.85%,2185.38,核心链路
	#@!JIZCORELINK(2)$:8012-澳通苑-主L2/L3-1-子架1-4-TPA1EX8-4(OTN3002-澳通苑020-TQX-2)-8002-生产楼-L3-子架1-14-TPA1EX8S-4(OTN8007-生产楼020-TQX-3),焦作,0.0,20200302,河南,10,26.00%,2600.0,21.98%,2198.03,核心链路
	#@!JIZCORELINK(2)$:8012-澳通苑-主L2/L3-1-子架1-4-TPA1EX8-5(OTN3002-澳通苑020-TQX-1)-8002-生产楼-L3-子架1-14-TPA1EX8S-5(OTN8007-生产楼020-TQX-2),焦作,0.0,20200302,河南,10,27.00%,2700.0,22.03%,2203.31,核心链路
	#@!JIZCORELINK(2)$:8012-澳通苑-主L2/L3-1-子架1-4-TPA1EX8-6(OTN3002-澳通苑023-TQX-1)-8002-生产楼-L3-子架1-14-TPA1EX8S-6(OTN8007-生产楼021-TQX-1),焦作,0.0,20200302,河南,10,27.00%,2700.0,22.66%,2266.49,核心链路
	#@!JIZCORELINK(28)$焦作市核心调度环7-郊县:8001-高新L2/L3-子架1-0(GigabitEthernet2/0/0)-1006-高新核心2-12-82EX2-1(8002-高新L2/L3-2/0/0),焦作,0.0,20200302,河南,10,0.07%,6.84,0.07%,6.74,核心链路
	#@!JIZCORELINK(29)$焦作市核心调度环7-郊县:1007-生产楼核心2替换-子架1-9-TPA1EX8S-2(8003-生产楼L2/L3-2/0/0)-8003-生产楼-L2/L3-子架1-0(GigabitEthernet2/0/0),焦作,0.0,20200302,河南,10,0.89%,88.55,0.78%,77.83,核心链路
	#@!JIZCORELINK(2)$:LTE骨干调度环4-焦作市:8002-生产楼-L3-子架1-14-TPA1EX8S-1(OTN8002-130-TQX-1)-8012-澳通苑-主L2/L3-1-子架1-4-TPA1EX8-1(OTN2001-修武-412-TQX-1),焦作,0.0,20200302,河南,10,25.00%,2500.0,21.53%,2153.47,核心链路
	#@!JIZCORELINK(30)$焦作市核心调度环8-郊县:1006-高新核心2-5-82EX2-1(8001-3/0/0)-8001-高新-L2/L3-子架1-0(GigabitEthernet3/0/0),焦作,0.0,20200302,河南,10,0.11%,10.78,0.11%,10.64,核心链路
	#@!JIZCORELINK(31)$焦作市核心调度环8-郊县:1007-生产楼核心2替换-子架1-9-TPA1EX8S-3(8003-3/0/0)-8003-生产楼-L2/L3-子架1-0(GigabitEthernet3/0/0),焦作,0.0,20200302,河南,10,1.22%,122.31,0.94%,93.78,核心链路
	#@!JIZCORELINK(32)$焦作市核心调度环9-郊县:1014-生产楼核心4-子架1-9-TPA1EX8S-1(8003-3/0/1)-8003-生产楼-L2/L3-子架1-1(GigabitEthernet3/0/1),焦作,0.0,20200302,河南,10,10.00%,1000.0,7.45%,745.07,核心链路
	#@!JIZCORELINK(33)$焦作市核心调度环9-郊县:8001-高新L2/L3-子架1-1(GigabitEthernet2/0/1)-1016-高新-12-82EX2-1(8002-高新L2/L3-2/0/1),焦作,0.0,20200302,河南,10,1.40%,139.82,1.36%,136.03,核心链路
	#@!JIZCORELINK(34)$焦作市核心调度环11-市区:1034-高新替换-子架1-4-TPA1EX8S-1(2-0-0)-8004-高新-2-L2/L3-子架1-0(GigabitEthernet2/0/0),焦作,0.0,20200302,河南,10,0.96%,96.28,0.96%,96.15,核心链路
	#@!JIZCORELINK(34)$焦作市核心调度环12-市区:1034-高新替换-子架1-4-TPA1EX8S-2(2-0-1)-8004-高新-2-L2/L3-子架1-1(GigabitEthernet2/0/1),焦作,0.0,20200302,河南,10,0.28%,27.68,0.28%,27.68,核心链路
	#@!JIZCORELINK(35)$焦作市核心调度环11-市区:1036-生产楼-子架1-3-TPA1EX8S-1(2-0-0)-8005-生产楼-2-L2/L3-子架1-0(GigabitEthernet2/0/0),焦作,0.0,20200302,河南,10,5.01%,501.0,3.43%,342.98,核心链路
	#@!JIZCORELINK(35)$焦作市核心调度环12-市区:1036-生产楼-子架1-3-TPA1EX8S-2(2-0-1)-8005-生产楼-2-L2/L3-子架1-1(GigabitEthernet2/0/1),焦作,0.0,20200302,河南,10,9.46%,946.0,3.51%,350.95,核心链路
	#@!JIZCORELINK(36)$焦作市核心调度环13-市区:1034-高新替换-子架1-9-TPA1EX8S-1(6-2-0)-8004-高新-2-L2/L3-子架1-0(GigabitEthernet6/2/0),焦作,0.0,20200302,河南,10,0.44%,44.21,0.44%,44.21,核心链路
	#@!JIZCORELINK(36)$焦作市核心调度环14-市区:1034-高新替换-子架1-9-TPA1EX8S-2(6-2-1)-8004-高新-2-L2/L3-子架1-1(GigabitEthernet6/2/1),焦作,0.0,20200302,河南,10,0.26%,25.73,0.26%,25.73,核心链路
	#@!JIZCORELINK(37)$焦作市核心调度环13-市区:1036-生产楼-子架1-10-TPA1EX8S-1(6-2-0)-8005-生产楼-2-L2/L3-子架1-0(GigabitEthernet6/2/0),焦作,0.0,20200302,河南,10,19.00%,1900.0,15.11%,1510.88,核心链路
	#@!JIZCORELINK(37)$焦作市核心调度环14-市区:1036-生产楼-子架1-10-TPA1EX8S-2(6-2-1)-8005-生产楼-2-L2/L3-子架1-1(GigabitEthernet6/2/1),焦作,0.0,20200302,河南,10,17.00%,1700.0,14.64%,1464.45,核心链路
	#@!JIZCORELINK(3)$:8011-武陟-备L2/L3-2-子架1-5-TPA1EX8-2(PORT-2)-8012-澳通苑-主L2/L3-1-子架1-5-TPA1EX8-2(PORT-2),焦作,0.0,20200302,河南,10,0.28%,28.0,0.33%,33.29,核心链路
	#@!JIZCORELINK(3)$:8011-武陟-备L2/L3-2-子架1-5-TPA1EX8-4(PORT-4)-8012-澳通苑-主L2/L3-1-子架1-5-TPA1EX8-4(PORT-4),焦作,0.0,20200302,河南,10,0.01%,1.0,0.01%,0.6,核心链路
	#@!JIZCORELINK(3)$:8011-武陟-备L2/L3-2-子架1-5-TPA1EX8-5(PORT-5)-8012-澳通苑-主L2/L3-1-子架1-5-TPA1EX8-5(PORT-5),焦作,0.0,20200302,河南,10,0.01%,1.0,0.01%,0.6,核心链路
	#@!JIZCORELINK(3)$:8011-武陟-备L2/L3-2-子架1-5-TPA1EX8-6(PORT-6)-8012-澳通苑-主L2/L3-1-子架1-5-TPA1EX8-6(PORT-6),焦作,0.0,20200302,河南,10,0.01%,1.0,0.01%,0.6,核心链路
	#@!JIZCORELINK(3)$:8011-武陟-备L2/L3-2-子架1-6-TPA1EX8-2(PORT-2)-8012-澳通苑-主L2/L3-1-子架1-6-TPA1EX8-2(PORT-2),焦作,0.0,20200302,河南,10,0.01%,1.0,0.01%,0.6,核心链路
	#@!JIZCORELINK(3)$:8011-武陟-备L2/L3-2-子架1-6-TPA1EX8-4(PORT-4)-8012-澳通苑-主L2/L3-1-子架1-6-TPA1EX8-4(PORT-4),焦作,0.0,20200302,河南,10,0.01%,1.0,0.00%,0.12,核心链路
	#@!JIZCORELINK(3)$:8011-武陟-备L2/L3-2-子架1-6-TPA1EX8-5(PORT-5)-8012-澳通苑-主L2/L3-1-子架1-6-TPA1EX8-5(PORT-5),焦作,0.0,20200302,河南,10,0.01%,1.0,0.00%,0.24,核心链路
	#@!JIZCORELINK(3)$:8012-澳通苑-主L2/L3-1-子架1-6-TPA1EX8-3(PORT-3)-8011-武陟-备L2/L3-2-子架1-6-TPA1EX8-3(PORT-3),焦作,0.0,20200302,河南,10,2.03%,203.0,0.86%,86.19,核心链路
	#@!JIZCORELINK(38)$焦作市核心调度环15-市区:1035-高新-子架1-4-TPA1EX8S-2(2-0-2)-8004-高新-2-L2/L3-子架1-2(GigabitEthernet2/0/2),焦作,0.0,20200302,河南,10,1.25%,125.0,0.48%,47.56,核心链路
	#@!JIZCORELINK(38)$焦作市核心调度环16-市区:1035-高新-子架1-4-TPA1EX8S-3(2-0-3)-8004-高新-2-L2/L3-子架1-3(GigabitEthernet2/0/3),焦作,0.0,20200302,河南,10,1.27%,127.0,0.60%,60.03,核心链路
	#@!JIZCORELINK(39)$焦作市核心调度环15-市区:1037-生产楼-子架1-3-TPA1EX8S-1(2-0-2)-8005-生产楼-2-L2/L3-子架1-2(GigabitEthernet2/0/2),焦作,0.0,20200302,河南,10,12.00%,1200.0,9.08%,907.71,核心链路
	#@!JIZCORELINK(39)$焦作市核心调度环16-市区:1037-生产楼-子架1-3-TPA1EX8S-2(2-0-3)-8005-生产楼-2-L2/L3-子架1-3(GigabitEthernet2/0/3),焦作,0.0,20200302,河南,10,6.96%,696.0,3.99%,398.91,核心链路
	#@!JIZCORELINK(3)$:LTE骨干调度环9-焦作市:8011-武陟-L2/L3-子架1-5-TPA1EX8-1(PORT-1)-8012-澳通苑-L2/L3-子架1-5-TPA1EX8-1(PORT-1),焦作,0.0,20200302,河南,10,4.08%,408.0,3.44%,344.14,核心链路
	#@!JIZCORELINK(3)$:LTE骨干调度环9-焦作市:8011-武陟-L2/L3-子架1-6-TPA1EX8-1(PORT-1)-8012-澳通苑-L2/L3-子架1-6-TPA1EX8-1(PORT-1),焦作,0.0,20200302,河南,10,0.56%,56.0,0.13%,13.14,核心链路
	#@!JIZCORELINK(40)$焦作市核心调度环17-市区:1035-高新-子架1-4-TPA1EX8S-7(6-2-2)-8004-高新-2-L2/L3-子架1-2(GigabitEthernet6/2/2),焦作,0.0,20200302,河南,10,0.90%,90.0,0.37%,36.92,核心链路
	#@!JIZCORELINK(40)$焦作市核心调度环18-市区:1035-高新-子架1-4-TPA1EX8S-8(6-2-3)-8004-高新-2-L2/L3-子架1-3(GigabitEthernet6/2/3),焦作,0.0,20200302,河南,10,1.19%,119.0,0.90%,89.88,核心链路
	#@!JIZCORELINK(41)$焦作市核心调度环17-市区:1037-生产楼-子架1-10-TPA1EX8S-1(6-2-2)-8005-生产楼-2-L2/L3-子架1-2(GigabitEthernet6/2/2),焦作,0.0,20200302,河南,10,15.00%,1500.0,12.14%,1214.43,核心链路
	#@!JIZCORELINK(41)$焦作市核心调度环18-市区:1037-生产楼-子架1-10-TPA1EX8S-2(6-2-3)-8005-生产楼-2-L2/L3-子架1-3(GigabitEthernet6/2/3),焦作,0.0,20200302,河南,10,7.47%,747.0,5.36%,536.27,核心链路
	#@!JIZCORELINK(42)$焦作市区至郊县-10GE链路:1001-生产楼核心1-子架1-9-TPA1EX8S-4(PORT-4)-1014-生产楼核心4-子架1-3-TPA1EX8S-1(PORT-1),焦作,0.0,20200302,河南,10,33.00%,3300.0,29.13%,2912.76,核心链路
	#@!JIZCORELINK(43)$焦作市区至郊县-10GE链路:1000-高新核心1-子架1-9-TPA1EX8S-3(PORT-3)-1016-高新核心4-11-82EX2-1(PORT-1),焦作,0.0,20200302,河南,10,24.68%,2468.3,23.92%,2392.29,核心链路
	#@!JIZCORELINK(44)$焦作市核心落地环1-1011-生产楼落地一:1007-生产楼核心2替换-子架1-4-TPA1EX8S-4(1011-生产楼7-Ex2-1)-1011-生产楼落地1-子架1-3-TPA1EX8S-1(1007-生产楼13-EX2-2),焦作,0.0,20200302,河南,10,12.00%,1200.0,10.04%,1004.21,核心链路
	#@!JIZCORELINK(45)$焦作市核心落地环1-1011-生产楼落地一:1014-生产楼核心4-子架1-10-TPA1EX8S-3(1011-生产楼12-EX2-1)-1011-生产楼落地1-子架1-10-TPA1EX8S-1(1014-生产楼12-EX2-1),焦作,0.0,20200302,河南,10,15.00%,1500.0,11.95%,1194.75,核心链路
	#@!JIZCORELINK(46)$焦作市核心落地环2-1011-生产楼落地一:1001-生产楼核心1-子架1-10-TPA1EX8S-2(1011-生产楼12-EX2-2)-1011-生产楼落地1-子架1-10-TPA1EX8S-2(1001-生产楼13-EX2-2),焦作,0.0,20200302,河南,10,8.56%,856.0,8.12%,811.59,核心链路
	#@!JIZCORELINK(46)$焦作市核心落地环2-1011-生产楼落地一:1015-生产楼核心3-子架1-4-TPA1EX8S-2(1011-生产楼7-EX2-2)-1011-生产楼落地1-子架1-3-TPA1EX8S-2(1015-生产楼8-EX2-2),焦作,0.0,20200302,河南,10,30.00%,3000.0,28.53%,2853.01,核心链路
	#@!JIZCORELINK(47)$焦作市核心落地环4-1010-生产楼落地二:1014-生产楼核心4-子架1-10-TPA1EX8S-1(1010-生产楼12-EX2-2)-1010-生产楼落地2-子架1-10-TPA1EX8S-2(1014-生产楼11-EX2-2),焦作,0.0,20200302,河南,10,4.10%,410.0,2.77%,277.41,核心链路
	#@!JIZCORELINK(4)$:8002-生产楼-L3-子架1-15-TPA1EX8S-2(OTN8002-生产楼133-TQX-3)-8013-孟州-主L2/L3-1-子架1-4-TPA1EX8-2(OTN5001-孟州413-TQX-3),焦作,0.0,20200302,河南,10,16.00%,1600.0,12.96%,1296.17,核心链路
	#@!JIZCORELINK(4)$:8013-孟州-主L2/L3-1-子架1-4-TPA1EX8-3(OTN5001-孟州411-TQX-1)-8002-生产楼-L3-子架1-15-TPA1EX8S-3(OTN8002-生产楼122-TQX-1),焦作,0.0,20200302,河南,10,17.00%,1700.0,13.08%,1307.54,核心链路
	#@!JIZCORELINK(4)$:8013-孟州-主L2/L3-1-子架1-4-TPA1EX8-4(OTN5001-孟州413-TQX-2)-8002-生产楼-L3-子架1-15-TPA1EX8S-4(OTN8002-生产楼134-TQX-2),焦作,0.0,20200302,河南,10,16.00%,1600.0,13.02%,1301.88,核心链路
	#@!JIZCORELINK(4)$:8013-孟州-主L2/L3-1-子架1-4-TPA1EX8-5(OTN5001-孟州411-TQX-3)-8002-生产楼-L3-子架1-15-TPA1EX8S-5(OTN8002-生产楼122-TQX-3),焦作,0.0,20200302,河南,10,16.00%,1600.0,12.69%,1269.49,核心链路
	#@!JIZCORELINK(48)$焦作市核心落地环4:1007-生产楼核心2替换-子架1-10-TPA1EX8S-2(1010-生产楼7-Ex2-2)-1010-生产楼落地2-子架1-3-TPA1EX8S-2(1007-生产楼13-EX2-1),焦作,0.0,20200302,河南,10,0.00%,0.0,0.00%,0.0,核心链路
	#@!JIZCORELINK(4)$:LTE骨干调度环5-焦作市:8002-生产楼-L3-子架1-15-TPA1EX8S-1(OTN8002-生产楼122-TQX-2)-8013-孟州-主L2/L3-1-子架1-4-TPA1EX8-1(OTN5000-孟州411-TQX-2),焦作,0.0,20200302,河南,10,15.00%,1500.0,12.35%,1235.28,核心链路
	#@!JIZCORELINK(53)$焦作市核心落地环8-1009-高新落地二:1007-生产楼核心2替换-子架1-9-TPA1EX8S-1(1006-高新13-2对接)-1006-高新核心2-13-82EX2-2(1007-生产楼-6-EX2-2),焦作,0.0,20200302,河南,10,1.14%,113.72,1.11%,110.63,核心链路
	#@!JIZCORELINK(55)$焦作市核心调度环1-生产楼-高新区:1014-生产楼核心4-子架1-9-TPA1EX8S-2(1006-高新-13-EX2-1)-1006-高新核心2-13-82EX2-1(1014-生产楼-13-EX2-1),焦作,0.0,20200302,河南,10,2.90%,290.0,2.18%,218.4,核心链路
	#@!JIZCORELINK(5)$:8013-孟州-主L2/L3-1-子架1-5-TPA1EX8-3(PORT-3)-8014-凤凰路-备L2/L3-2-子架1-5-TPA1EX8-3(PORT-3),焦作,0.0,20200302,河南,10,0.01%,1.0,0.01%,1.04,核心链路
	#@!JIZCORELINK(5)$:8013-孟州-主L2/L3-1-子架1-5-TPA1EX8-4(PORT-4)-8014-凤凰路-备L2/L3-2-子架1-5-TPA1EX8-4(PORT-4),焦作,0.0,20200302,河南,10,0.01%,1.0,0.01%,0.89,核心链路
	#@!JIZCORELINK(5)$:8013-孟州-主L2/L3-1-子架1-5-TPA1EX8-5(PORT-5)-8014-凤凰路-备L2/L3-2-子架1-5-TPA1EX8-5(PORT-5),焦作,0.0,20200302,河南,10,0.03%,3.0,0.01%,1.1,核心链路
	#@!JIZCORELINK(5)$:8013-孟州-主L2/L3-1-子架1-6-TPA1EX8-3(PORT-3)-8014-凤凰路-备L2/L3-2-子架1-6-TPA1EX8-3(PORT-3),焦作,0.0,20200302,河南,10,0.01%,1.0,0.00%,0.12,核心链路
	#@!JIZCORELINK(5)$:8013-孟州-主L2/L3-1-子架1-6-TPA1EX8-4(PORT-4)-8014-凤凰路-备L2/L3-2-子架1-6-TPA1EX8-4(PORT-4),焦作,0.0,20200302,河南,10,0.01%,1.0,0.00%,0.12,核心链路
	#@!JIZCORELINK(5)$:8013-孟州-主L2/L3-1-子架1-6-TPA1EX8-5(PORT-5)-8014-凤凰路-备L2/L3-2-子架1-6-TPA1EX8-5(PORT-5),焦作,0.0,20200302,河南,10,0.01%,1.0,0.00%,0.12,核心链路
	#@!JIZCORELINK(5)$:8014-凤凰路-备L2/L3-2-子架1-6-TPA1EX8-2(PORT-2)-8013-孟州-主L2/L3-1-子架1-6-TPA1EX8-2(PORT-2),焦作,0.0,20200302,河南,10,0.15%,15.0,0.15%,14.93,核心链路
	#@!JIZCORELINK(5)$:LTE骨干调度环10-焦作市:8013-孟州-主L2/L3-1-子架1-5-TPA1EX8-1(PORT-1)-8014-凤凰路-备L2/L3-2-子架1-5-TPA1EX8-1(PORT-1),焦作,0.0,20200302,河南,10,2.37%,237.0,2.26%,225.97,核心链路
	#@!JIZCORELINK(5)$:LTE骨干调度环10-焦作市:8014-凤凰路-L2/L3-子架1-6-TPA1EX8-1(PORT-1)-8013-孟州-L2/L3-子架1-6-TPA1EX8-1(PORT-1),焦作,0.0,20200302,河南,10,0.01%,1.0,0.01%,1.18,核心链路
	#@!JIZCORELINK(61)$焦作市核心调度环4-生产楼核心二-高新核心二:1007-生产楼核心2替换-子架1-9-TPA1EX8S-4(1006-高新8-EX2-1)-1006-高新核心2-8-82EX2-1(1007-生产楼11-EX2-1),焦作,0.0,20200302,河南,10,1.57%,156.78,1.34%,133.88,核心链路
	#@!JIZCORELINK(61)$焦作市核心调度环4-生产楼核心二-高新核心二:1014-生产楼核心4-子架1-9-TPA1EX8S-3(新增到1016-高新8-2对接)-1016-高新核心4-8-82EX2-2(新增到1014-生产楼13-2对接),焦作,0.0,20200302,河南,10,1.38%,138.0,1.11%,110.56,核心链路
	#@!JIZCORELINK(63)$焦作市核心调度环4-生产楼核心二-高新核心二:1007-生产楼核心2替换-子架1-3-TPA1EX8S-3(1016-高新7-EX2-1)-1016-高新核心4-7-82EX2-1(1007-生产楼-6-EX2-1),焦作,0.0,20200302,河南,10,7.76%,775.73,7.03%,702.89,核心链路
	#@!JIZCORELINK(65)$:8001-高新-L2/L3-子架1-0(100GE16/0/0)-8003-生产楼-L2/L3-子架1-0(100GE16/0/0),焦作,0.0,20200302,河南,100,0.00%,0.1,0.00%,0.1,核心链路
	#@!JIZCORELINK(65)$:8001-高新-L2/L3-子架1-0(100GE9/0/0)-8003-生产楼-L2/L3-子架1-0(100GE9/0/0),焦作,0.0,20200302,河南,100,0.01%,11.11,0.01%,10.91,核心链路
	#@!JIZCORELINK(65)$:8001-高新-L2/L3-子架1-2(GigabitEthernet6/0/2)-8003-生产楼-L2/L3-子架1-2(GigabitEthernet6/0/2),焦作,0.0,20200302,河南,10,0.00%,0.4,0.00%,0.4,核心链路
	#@!JIZCORELINK(65)$:8003-生产楼-L2/L3-子架1-1(GigabitEthernet6/0/1)-8001-高新-L2/L3-子架1-1(GigabitEthernet6/0/1),焦作,0.0,20200302,河南,10,0.01%,0.5,0.01%,0.5,核心链路
	#@!JIZCORELINK(65)$:8003-生产楼-L2/L3-子架1-1(GigabitEthernet8/0/1)-8001-高新-L2/L3-子架1-1(GigabitEthernet8/0/1),焦作,0.0,20200302,河南,10,0.01%,1.0,0.01%,1.0,核心链路
	#@!JIZCORELINK(65)$:焦作市核心调度环5-市区:TNL-L2/L3-PTN6900-16-2-子架1-0(GigabitEthernet6/0/0)-FSL-L2/L3-PTN6900-16-2-子架1-0(GigabitEthernet6/0/0),焦作,0.0,20200302,河南,10,6.76%,675.84,6.64%,664.32,核心链路
	#@!JIZCORELINK(65)$:焦作市核心调度环7-郊县:TNL-L2/L3-PTN6900-16-2-子架1-0(GigabitEthernet8/0/0)-FSL-L2/L3-PTN6900-16-2-子架1-0(GigabitEthernet8/0/0),焦作,0.0,20200302,河南,10,0.81%,81.37,0.80%,79.92,核心链路
	#@!JIZCORELINK(66)$:8000-高新-L3-子架1-1-TPA1EX8S-2(PORT-2)-8001-高新-L2/L3-子架1-1(GigabitEthernet1/0/1),焦作,0.0,20200302,河南,10,0.01%,1.02,0.01%,1.02,核心链路
	#@!JIZCORELINK(66)$:8000-高新-L3-子架1-1-TPA1EX8S-3(TO-8001-1/0/2)-8001-高新-L2/L3-子架1-2(GigabitEthernet1/0/2),焦作,0.0,20200302,河南,10,0.00%,0.4,0.00%,0.4,核心链路
	#@!JIZCORELINK(66)$:8000-高新-L3-子架1-1-TPA1EX8S-4(TO-8001-1/0/3)-8001-高新-L2/L3-子架1-3(GigabitEthernet1/0/3),焦作,0.0,20200302,河南,10,0.00%,0.4,0.00%,0.4,核心链路
	#@!JIZCORELINK(66)$:8000-高新-L3-子架1-1-TPA1EX8S-5(TO-8001-1/0/4)-8001-高新-L2/L3-子架1-4(GigabitEthernet1/0/4),焦作,0.0,20200302,河南,10,0.00%,0.4,0.00%,0.4,核心链路
	#@!JIZCORELINK(66)$:8000-高新-L3-子架1-9-TPA2EH2-1(PORT-1)-8001-高新-L2/L3-子架1-0(100GE4/0/0),焦作,0.0,20200302,河南,100,0.01%,11.01,0.01%,10.81,核心链路
	#@!JIZCORELINK(67)$:8002-生产楼-L3-子架1-1-TPA1EX8S-2(PORT-2)-8003-生产楼-L2/L3-子架1-1(GigabitEthernet1/0/1),焦作,0.0,20200302,河南,10,0.01%,1.22,0.01%,1.42,核心链路
	#@!JIZCORELINK(67)$:8002-生产楼-L3-子架1-1-TPA1EX8S-3(PORT-3)-8003-生产楼-L2/L3-子架1-2(GigabitEthernet1/0/2),焦作,0.0,20200302,河南,10,0.01%,1.0,0.00%,0.47,核心链路
	#@!JIZCORELINK(67)$:8002-生产楼-L3-子架1-1-TPA1EX8S-4(PORT-4)-8003-生产楼-L2/L3-子架1-3(GigabitEthernet1/0/3),焦作,0.0,20200302,河南,10,0.01%,1.0,0.00%,0.47,核心链路
	#@!JIZCORELINK(67)$:8002-生产楼-L3-子架1-1-TPA1EX8S-5(PORT-5)-8003-生产楼-L2/L3-子架1-4(GigabitEthernet1/0/4),焦作,0.0,20200302,河南,10,0.01%,1.0,0.00%,0.47,核心链路
	#@!JIZCORELINK(67)$:8002-生产楼-L3-子架1-9-TPA2EH2-1(PORT-1)-8003-生产楼-L2/L3-子架1-0(100GE4/0/0),焦作,0.0,20200302,河南,100,15.00%,15000.0,12.26%,12259.47,核心链路
	#@!JIZCORELINK(6)$:8000-高新-L3-子架1-15-TPA1EX8S-1(OTN8001-高新027-TQX-4)-8014-凤凰路-备L2/L3-2-子架1-4-TPA1EX8-1(OTN4000-温县113-TDX-2),焦作,0.0,20200302,河南,10,0.01%,1.0,0.01%,0.84,核心链路
	#@!JIZCORELINK(6)$:8000-高新-L3-子架1-15-TPA1EX8S-2(OTN8010-高新021-TQX-3)-8014-凤凰路-备L2/L3-2-子架1-4-TPA1EX8-2(OTN5002-凤凰路020-TQX-4),焦作,0.0,20200302,河南,10,0.07%,7.0,0.08%,7.74,核心链路
	#@!JIZCORELINK(6)$:8014-凤凰路-备L2/L3-2-子架1-4-TPA1EX8-3(OTN5002-凤凰路020-TQX-3)-8000-高新-L3-子架1-15-TPA1EX8S-3(OTN8010-高新020-TQX-2),焦作,0.0,20200302,河南,10,0.01%,1.0,0.01%,0.6,核心链路
	#@!JIZCORELINK(6)$:8014-凤凰路-备L2/L3-2-子架1-4-TPA1EX8-4(OTN5002-凤凰路022-TQX-1)-8000-高新-L3-子架1-15-TPA1EX8S-4(OTN8010-高新024-TQX-1),焦作,0.0,20200302,河南,10,0.01%,1.0,0.00%,0.36,核心链路
	#@!JIZCORELINK(6)$:8014-凤凰路-备L2/L3-2-子架1-4-TPA1EX8-5(OTN5002-凤凰路022-TQX-2)-8000-高新-L3-子架1-15-TPA1EX8S-5(OTN8010-高新024-TQX-2),焦作,0.0,20200302,河南,10,0.02%,2.0,0.01%,0.7,核心链路
	#@!JIZCORELINK(68)$:8002-生产楼-L3-子架1-10-TPA2EH2-1(TO-GX-PTN6900-4/0/0)-8000-高新-L3-子架1-10-TPA2EH2-1(TO-SCL-PTN6900-4/0/0),焦作,0.0,20200302,河南,100,0.01%,10.0,0.01%,5.64,核心链路
	#@!JIZCORELINK(68)$:8002-生产楼-L3-子架1-19-TPA1EX8S-1(PORT-1)-8000-高新-L3-子架1-19-TPA1EX8S-1(PORT-1),焦作,0.0,20200302,河南,10,0.01%,1.0,0.00%,0.0,核心链路
	#@!JIZCORELINK(68)$:8002-生产楼-L3-子架1-26-TPA2EH2-1(TO-GX-PTN6900-15/0/0)-8000-高新-L3-子架1-26-TPA2EH2-1(TO-SCL-PTN6900-15/0/0),焦作,0.0,20200302,河南,100,0.01%,10.0,0.01%,7.98,核心链路
	#@!JIZCORELINK(68)$:8002-生产楼-L3-子架1-3-TPA1EX8S-2(PORT-2)-8000-高新-L3-子架1-3-TPA1EX8S-2(PORT-2),焦作,0.0,20200302,河南,10,0.01%,1.0,0.00%,0.0,核心链路
	#@!JIZCORELINK(68)$:8002-生产楼-L3-子架1-3-TPA1EX8S-3(PORT-3)-8000-高新-L3-子架1-3-TPA1EX8S-3(PORT-3),焦作,0.0,20200302,河南,10,0.01%,1.0,0.00%,0.0,核心链路
	#@!JIZCORELINK(68)$:8002-生产楼-L3-子架1-3-TPA1EX8S-4(PORT-4)-8000-高新-L3-子架1-3-TPA1EX8S-4(PORT-4),焦作,0.0,20200302,河南,10,0.01%,1.0,0.00%,0.0,核心链路
	#@!JIZCORELINK(68)$:8002-生产楼-L3-子架1-3-TPA1EX8S-5(PORT-5)-8000-高新-L3-子架1-3-TPA1EX8S-5(PORT-5),焦作,0.0,20200302,河南,10,0.01%,1.0,0.00%,0.0,核心链路
	#@!JIZCORELINK(69)$:8002-生产楼-L3-子架1-31-TPA1EX8S-1(PORT-1)-8020-锦都花城-主L2/L3-1-子架1-23-TPA1EX8-1(OTN4002-锦都花城021-TQX-2),焦作,0.0,20200302,河南,10,17.00%,1700.0,14.13%,1412.67,核心链路
	#@!JIZCORELINK(69)$:8002-生产楼-L3-子架1-31-TPA1EX8S-2(PORT-2)-8020-锦都花城-主L2/L3-1-子架1-23-TPA1EX8-2(OTN4002-锦都花城021-TQX-3),焦作,0.0,20200302,河南,10,17.00%,1700.0,13.66%,1365.52,核心链路
	#@!JIZCORELINK(69)$:8020-锦都花城-主L2/L3-1-子架1-23-TPA1EX8-3(OTN4002-锦都花城020-TQX-4)-8002-生产楼-L3-子架1-31-TPA1EX8S-3(8008-生产楼020-TQX-4),焦作,0.0,20200302,河南,10,18.00%,1800.0,14.24%,1424.21,核心链路
	#@!JIZCORELINK(69)$:8020-锦都花城-主L2/L3-1-子架1-23-TPA1EX8-4(OTN4002-锦都花城020-TQX-2)-8002-生产楼-L3-子架1-31-TPA1EX8S-4(8008-生产楼021-TDX-1),焦作,0.0,20200302,河南,10,17.00%,1700.0,13.61%,1361.39,核心链路
	#@!JIZCORELINK(69)$:8020-锦都花城-主L2/L3-1-子架1-23-TPA1EX8-5(OTN4002-锦都花城021-TQX-1)-8002-生产楼-L3-子架1-31-TPA1EX8S-5(8008-生产楼025-TQX-1),焦作,0.0,20200302,河南,10,17.00%,1700.0,13.71%,1370.74,核心链路
	#@!JIZCORELINK(70)$:8019-温县-备L2/L3-2-子架1-21-TPA1EX8-1(PORT-1)-8020-锦都花城-主L2/L3-1-子架1-21-TPA1EX8-1(PORT-1),焦作,0.0,20200302,河南,10,2.03%,203.0,2.02%,201.6,核心链路
	#@!JIZCORELINK(70)$:8019-温县-备L2/L3-2-子架1-22-TPA1EX8-1(PORT-1)-8020-锦都花城-主L2/L3-1-子架1-22-TPA1EX8-1(PORT-1),焦作,0.0,20200302,河南,10,0.98%,98.0,0.28%,27.95,核心链路
	#@!JIZCORELINK(70)$:8020-锦都花城-主L2/L3-1-子架1-21-TPA1EX8-3(PORT-3)-8019-温县-备L2/L3-2-子架1-21-TPA1EX8-3(PORT-3),焦作,0.0,20200302,河南,10,0.01%,1.0,0.01%,0.6,核心链路
	#@!JIZCORELINK(70)$:8020-锦都花城-主L2/L3-1-子架1-21-TPA1EX8-4(PORT-4)-8019-温县-备L2/L3-2-子架1-21-TPA1EX8-4(PORT-4),焦作,0.0,20200302,河南,10,0.01%,1.0,0.01%,0.6,核心链路
	#@!JIZCORELINK(70)$:8020-锦都花城-主L2/L3-1-子架1-21-TPA1EX8-5(PORT-5)-8019-温县-备L2/L3-2-子架1-21-TPA1EX8-5(PORT-5),焦作,0.0,20200302,河南,10,0.01%,1.0,0.01%,0.6,核心链路
	#@!JIZCORELINK(70)$:8020-锦都花城-主L2/L3-1-子架1-22-TPA1EX8-3(PORT-3)-8019-温县-备L2/L3-2-子架1-22-TPA1EX8-3(PORT-3),焦作,0.0,20200302,河南,10,0.01%,1.0,0.00%,0.12,核心链路
	#@!JIZCORELINK(70)$:8020-锦都花城-主L2/L3-1-子架1-22-TPA1EX8-4(PORT-4)-8019-温县-备L2/L3-2-子架1-22-TPA1EX8-4(PORT-4),焦作,0.0,20200302,河南,10,0.01%,1.0,0.00%,0.12,核心链路
	#@!JIZCORELINK(70)$:8020-锦都花城-主L2/L3-1-子架1-22-TPA1EX8-5(PORT-5)-8019-温县-备L2/L3-2-子架1-22-TPA1EX8-5(PORT-5),焦作,0.0,20200302,河南,10,0.01%,1.0,0.00%,0.12,核心链路
	#@!JIZCORELINK(71)$:8000-高新-L3-子架1-31-TPA1EX8S-1(PORT-1)-8019-温县-备L2/L3-2-子架1-23-TPA1EX8-1(PORT-1),焦作,0.0,20200302,河南,10,0.01%,1.0,0.00%,0.47,核心链路
	#@!JIZCORELINK(71)$:8000-高新-L3-子架1-31-TPA1EX8S-2(PORT-2)-8019-温县-备L2/L3-2-子架1-23-TPA1EX8-2(PORT-2),焦作,0.0,20200302,河南,10,0.01%,1.0,0.01%,0.82,核心链路
	#@!JIZCORELINK(71)$:8019-温县-备L2/L3-2-子架1-23-TPA1EX8-3(OTN4001-温县412-TQX-1)-8000-高新-L3-子架1-31-TPA1EX8S-3(OTN8001-高新123-TQX-1),焦作,0.0,20200302,河南,10,0.01%,1.0,0.00%,0.48,核心链路
	#@!JIZCORELINK(71)$:8019-温县-备L2/L3-2-子架1-23-TPA1EX8-4(OTN4001-温县413-TQX-1)-8000-高新-L3-子架1-31-TPA1EX8S-4(OTN8001-高新134-TQX-1),焦作,0.0,20200302,河南,10,0.01%,1.0,0.00%,0.48,核心链路
	#@!JIZCORELINK(71)$:8019-温县-备L2/L3-2-子架1-23-TPA1EX8-5(OTN4001-温县412-TQX-3)-8000-高新-L3-子架1-31-TPA1EX8S-5(OTN8001-高新123-TQX-3),焦作,0.0,20200302,河南,10,0.01%,1.0,0.00%,0.48,核心链路
	#@!JIZCORELINK(72)$:8002-生产楼-L3-子架1-30-TPA1EX8S-1(PORT-1)-8017-博爱-主L2/L3-1-子架1-23-TPA1EX8-1(PORT-1),焦作,0.0,20200302,河南,10,16.00%,1600.0,13.57%,1357.0,核心链路
	#@!JIZCORELINK(72)$:8002-生产楼-L3-子架1-30-TPA1EX8S-2(PORT-2)-8017-博爱-主L2/L3-1-子架1-23-TPA1EX8-2(PORT-2),焦作,0.0,20200302,河南,10,17.00%,1700.0,13.74%,1374.31,核心链路
	#@!JIZCORELINK(72)$:8017-博爱-主L2/L3-1-子架1-23-TPA1EX8-3(TO OTN7001-博爱 -411-TQX-1)-8002-生产楼-L3-子架1-30-TPA1EX8S-3(OTN8002-生产楼120-TQX-1),焦作,0.0,20200302,河南,10,16.00%,1600.0,13.40%,1339.73,核心链路
	#@!JIZCORELINK(72)$:8017-博爱-主L2/L3-1-子架1-23-TPA1EX8-4(TO OTN7001-博爱 -411-TQX-2)-8002-生产楼-L3-子架1-30-TPA1EX8S-4(OTN8002-生产楼120-TQX-2),焦作,0.0,20200302,河南,10,16.00%,1600.0,13.62%,1361.74,核心链路
	#@!JIZCORELINK(72)$:8017-博爱-主L2/L3-1-子架1-23-TPA1EX8-5(TO OTN7001-博爱 -413-TQX-2)-8002-生产楼-L3-子架1-30-TPA1EX8S-5(OTN8002-生产楼133-TQX-4),焦作,0.0,20200302,河南,10,16.00%,1600.0,13.12%,1312.15,核心链路
	#@!JIZCORELINK(73)$:8018-铭源新城-备L2/L3-2-子架1-21-TPA1EX8-1(PORT-1)-8017-博爱-主L2/L3-1-子架1-21-TPA1EX8-1(PORT-1),焦作,0.0,20200302,河南,10,2.20%,220.0,2.18%,218.19,核心链路
	#@!JIZCORELINK(73)$:8018-铭源新城-备L2/L3-2-子架1-21-TPA1EX8-3(PORT-3)-8017-博爱-主L2/L3-1-子架1-21-TPA1EX8-3(PORT-3),焦作,0.0,20200302,河南,10,0.01%,1.0,0.01%,0.6,核心链路
	#@!JIZCORELINK(73)$:8018-铭源新城-备L2/L3-2-子架1-21-TPA1EX8-4(PORT-4)-8017-博爱-主L2/L3-1-子架1-21-TPA1EX8-4(PORT-4),焦作,0.0,20200302,河南,10,0.01%,1.0,0.01%,0.6,核心链路
	#@!JIZCORELINK(73)$:8018-铭源新城-备L2/L3-2-子架1-21-TPA1EX8-5(PORT-5)-8017-博爱-主L2/L3-1-子架1-21-TPA1EX8-5(PORT-5),焦作,0.0,20200302,河南,10,0.01%,1.0,0.01%,0.6,核心链路
	#@!JIZCORELINK(73)$:8018-铭源新城-备L2/L3-2-子架1-22-TPA1EX8-1(PORT-1)-8017-博爱-主L2/L3-1-子架1-22-TPA1EX8-1(PORT-1),焦作,0.0,20200302,河南,10,0.09%,9.0,0.08%,7.82,核心链路
	#@!JIZCORELINK(73)$:8018-铭源新城-备L2/L3-2-子架1-22-TPA1EX8-3(PORT-3)-8017-博爱-主L2/L3-1-子架1-22-TPA1EX8-3(PORT-3),焦作,0.0,20200302,河南,10,0.01%,1.0,0.00%,0.12,核心链路
	#@!JIZCORELINK(73)$:8018-铭源新城-备L2/L3-2-子架1-22-TPA1EX8-4(PORT-4)-8017-博爱-主L2/L3-1-子架1-22-TPA1EX8-4(PORT-4),焦作,0.0,20200302,河南,10,0.01%,1.0,0.00%,0.12,核心链路
	#@!JIZCORELINK(73)$:8018-铭源新城-备L2/L3-2-子架1-22-TPA1EX8-5(PORT-5)-8017-博爱-主L2/L3-1-子架1-22-TPA1EX8-5(PORT-5),焦作,0.0,20200302,河南,10,0.01%,1.0,0.00%,0.12,核心链路
	#@!JIZCORELINK(74)$:8000-高新-L3-子架1-30-TPA1EX8S-1(OTN-8010-gaoxin-22-TQX-2)-8018-铭源新城-备L2/L3-2-子架1-23-TPA1EX8-1(OTN8018-铭源新城022-TQX-2),焦作,0.0,20200302,河南,10,0.01%,1.0,0.00%,0.47,核心链路
	#@!JIZCORELINK(74)$:8000-高新-L3-子架1-30-TPA1EX8S-2(OTN-8010-gaoxin-22-TQX-3)-8018-铭源新城-备L2/L3-2-子架1-23-TPA1EX8-2(OTN8018-铭源新城022-TQX-3),焦作,0.0,20200302,河南,10,0.01%,1.0,0.02%,1.67,核心链路
	#@!JIZCORELINK(74)$:8018-铭源新城-备L2/L3-2-子架1-23-TPA1EX8-3(TO OTN7002-铭源新城020-TQX-4)-8000-高新-L3-子架1-30-TPA1EX8S-3(OTN-8010-高新020-TQX-4),焦作,0.0,20200302,河南,10,0.01%,1.0,0.00%,0.48,核心链路
	#@!JIZCORELINK(74)$:8018-铭源新城-备L2/L3-2-子架1-23-TPA1EX8-4(TO OTN7002-铭源新城020-TQX-3)-8000-高新-L3-子架1-30-TPA1EX8S-4(OTN-8010-高新021-TQX-2),焦作,0.0,20200302,河南,10,0.01%,1.0,0.00%,0.48,核心链路
	#@!JIZCORELINK(74)$:8018-铭源新城-备L2/L3-2-子架1-23-TPA1EX8-5(TO OTN7002-铭源新城022-TQX-1)-8000-高新-L3-子架1-30-TPA1EX8S-5(OTN-8010-高新022-TQX-1),焦作,0.0,20200302,河南,10,0.01%,1.0,0.00%,0.48,核心链路
	#@!JIZCORELINK(76)$:焦作市核心落地环3-1010-生产楼落地二:1001-生产楼核心1-子架1-10-TPA1EX8S-1(1010-生产楼12-EX2-1)-1010-生产楼落地2-子架1-10-TPA1EX8S-1(1001-生产楼13-EX2-1),焦作,0.0,20200302,河南,10,6.79%,679.0,4.43%,443.34,核心链路
	#@!JIZCORELINK(77)$:焦作市核心落地环3-1010-生产楼落地二:1015-生产楼核心3-子架1-10-TPA1EX8S-2(1010-生产楼-7-EX2-1)-1010-生产楼落地2-子架1-3-TPA1EX8S-1(1015-生产楼11-EX2-2),焦作,0.0,20200302,河南,10,14.00%,1400.0,12.25%,1225.03,核心链路
	#@!JIZCORELINK(7)$:8002-生产楼-L3-子架1-16-TPA1EX8S-1(PORT-1)-8015-沁阳-主L2/3-1-子架1-4-TPA1EX8-1(PORT-1),焦作,0.0,20200302,河南,10,22.00%,2200.0,17.27%,1726.94,核心链路
	#@!JIZCORELINK(7)$:8002-生产楼-L3-子架1-16-TPA1EX8S-2(OTN8002-生产楼220-TQX-4)-8015-沁阳-主L2/3-1-子架1-4-TPA1EX8-2(OTN6001-沁阳414-TQX-3),焦作,0.0,20200302,河南,10,21.00%,2100.0,17.71%,1770.83,核心链路
	#@!JIZCORELINK(7)$:8002-生产楼-L3-子架1-16-TPA1EX8S-3(OTN8002-生产楼121-TQX-3)-8015-沁阳-主L2/3-1-子架1-4-TPA1EX8-3(OTN6001-沁阳411-TQX-3),焦作,0.0,20200302,河南,10,21.00%,2100.0,17.56%,1755.9,核心链路
	#@!JIZCORELINK(7)$:8002-生产楼-L3-子架1-16-TPA1EX8S-4(OTN8002-生产楼121-TQX-1)-8015-沁阳-主L2/3-1-子架1-4-TPA1EX8-4(OTN6001-沁阳411-TQX-1),焦作,0.0,20200302,河南,10,21.00%,2100.0,18.00%,1800.15,核心链路
	#@!JIZCORELINK(7)$:8002-生产楼-L3-子架1-16-TPA1EX8S-5(OTN8002-生产楼121-TQX-2)-8015-沁阳-主L2/3-1-子架1-4-TPA1EX8-5(OTN6001-沁阳411-TQX-2),焦作,0.0,20200302,河南,10,21.00%,2100.0,17.39%,1739.1,核心链路
	#@!JIZCORELINK(79)$:8020-锦都花城-主L2/L3-1-子架1-6-TPA1EX8-1(PORT-1)-4001-锦都花城-4-82EX2E-1(PORT-1),焦作,0.0,20200302,河南,10,38.00%,3800.0,34.18%,3418.13,核心链路
	#@!JIZCORELINK(79)$:8020-锦都花城-主L2/L3-1-子架1-6-TPA1EX8-2(PORT-2)-4001-锦都花城-4-82EX2E-2(PORT-2),焦作,0.0,20200302,河南,10,42.00%,4200.0,37.07%,3707.27,核心链路
	#@!JIZCORELINK(80)$:8019-温县-备L2/L3-2-子架1-6-TPA1EX8-1(PORT-1)-4000-温县-5-82EX2E-2(PORT-2),焦作,0.0,20200302,河南,10,0.48%,48.21,0.48%,48.23,核心链路
	#@!JIZCORELINK(80)$:8019-温县-备L2/L3-2-子架1-6-TPA1EX8-2(PORT-2)-4000-温县-14-82EX2E-2(PORT-2),焦作,0.0,20200302,河南,10,1.55%,155.0,0.97%,97.31,核心链路
	#@!JIZCORELINK(81)$:7000-博爱（替换）-子架1-3-TPA1EX8S-1(PORT-1)-8017-博爱-主L2/L3-1-子架1-6-TPA1EX8-1(PORT-1),焦作,0.0,20200302,河南,10,39.00%,3900.0,34.19%,3418.98,核心链路
	#@!JIZCORELINK(81)$:7000-博爱（替换）-子架1-3-TPA1EX8S-2(PORT-2)-8017-博爱-主L2/L3-1-子架1-6-TPA1EX8-2(PORT-2),焦作,0.0,20200302,河南,10,41.00%,4100.0,36.00%,3599.97,核心链路
	#@!JIZCORELINK(82)$:8002-生产楼-L3-子架1-32-TPA1EX8S-1(PORT-1)-8021-修武-主L2/L3-子架1-23-TPA1EX8-1(PORT-1),焦作,0.0,20200302,河南,10,12.00%,1200.0,9.84%,983.67,核心链路
	#@!JIZCORELINK(82)$:8002-生产楼-L3-子架1-32-TPA1EX8S-2(PORT-2)-8021-修武-主L2/L3-子架1-23-TPA1EX8-2(PORT-2),焦作,0.0,20200302,河南,10,12.00%,1200.0,9.43%,943.19,核心链路
	#@!JIZCORELINK(82)$:8021-修武-主L2/L3-子架1-23-TPA1EX8-3(TO OTN2001-修武412-TQX-2)-8002-生产楼-L3-子架1-32-TPA1EX8S-3(OTN8002-生产楼130-TQX-2 TO 8021-修武-23-EX8-3),焦作,0.0,20200302,河南,10,12.00%,1200.0,9.65%,964.61,核心链路
	#@!JIZCORELINK(82)$:8021-修武-主L2/L3-子架1-23-TPA1EX8-4(TO OTN2001-修武413-TQX-3)-8002-生产楼-L3-子架1-32-TPA1EX8S-5(OTN8002-生产楼035-TQX-2  TO 8021-修武-23-EX8-5),焦作,0.0,20200302,河南,10,12.00%,1200.0,9.84%,983.71,核心链路
	#@!JIZCORELINK(82)$:8021-修武-主L2/L3-子架1-23-TPA1EX8-5(TO OTN2001-修武413-TQX-2)-8002-生产楼-L3-子架1-32-TPA1EX8S-4(OTN8002-生产楼035-TQX-1 TO 8021-修武-23-EX8-4),焦作,0.0,20200302,河南,10,12.00%,1200.0,9.78%,977.94,核心链路
	#@!JIZCORELINK(83)$:8021-修武-主L2/L3-子架1-21-TPA1EX8-1(PORT-1)-8022-宁城大道-备L2/L3-子架1-21-TPA1EX8-1(PORT-1),焦作,0.0,20200302,河南,10,0.00%,0.0,0.00%,0.0,核心链路
	#@!JIZCORELINK(83)$:8021-修武-主L2/L3-子架1-22-TPA1EX8-1(PORT-1)-8022-宁城大道-备L2/L3-子架1-22-TPA1EX8-1(PORT-1),焦作,0.0,20200302,河南,10,0.00%,0.0,0.00%,0.0,核心链路
	#@!JIZCORELINK(83)$:8022-宁城大道-备L2/L3-子架1-21-TPA1EX8-3(PORT-3)-8021-修武-主L2/L3-子架1-21-TPA1EX8-3(PORT-3),焦作,0.0,20200302,河南,10,0.00%,0.0,0.00%,0.0,核心链路
	#@!JIZCORELINK(83)$:8022-宁城大道-备L2/L3-子架1-21-TPA1EX8-4(PORT-4)-8021-修武-主L2/L3-子架1-21-TPA1EX8-4(PORT-4),焦作,0.0,20200302,河南,10,0.00%,0.0,0.00%,0.0,核心链路
	#@!JIZCORELINK(83)$:8022-宁城大道-备L2/L3-子架1-21-TPA1EX8-5(PORT-5)-8021-修武-主L2/L3-子架1-21-TPA1EX8-5(PORT-5),焦作,0.0,20200302,河南,10,0.00%,0.0,0.00%,0.0,核心链路
	#@!JIZCORELINK(83)$:8022-宁城大道-备L2/L3-子架1-22-TPA1EX8-3(PORT-3)-8021-修武-主L2/L3-子架1-22-TPA1EX8-3(PORT-3),焦作,0.0,20200302,河南,10,0.00%,0.0,0.00%,0.0,核心链路
	#@!JIZCORELINK(83)$:8022-宁城大道-备L2/L3-子架1-22-TPA1EX8-4(PORT-4)-8021-修武-主L2/L3-子架1-22-TPA1EX8-4(PORT-4),焦作,0.0,20200302,河南,10,0.00%,0.0,0.00%,0.0,核心链路
	#@!JIZCORELINK(83)$:8022-宁城大道-备L2/L3-子架1-22-TPA1EX8-5(PORT-5)-8021-修武-主L2/L3-子架1-22-TPA1EX8-5(PORT-5),焦作,0.0,20200302,河南,10,0.00%,0.0,0.00%,0.0,核心链路
	#@!JIZCORELINK(84)$:8000-高新-L3-子架1-32-TPA1EX8S-1(PORT-1)-8022-宁城大道-备L2/L3-子架1-23-TPA1EX8-1(PORT-1),焦作,0.0,20200302,河南,10,0.00%,0.0,0.00%,0.0,核心链路
	#@!JIZCORELINK(84)$:8000-高新-L3-子架1-32-TPA1EX8S-2(PORT-2)-8022-宁城大道-备L2/L3-子架1-23-TPA1EX8-2(PORT-2),焦作,0.0,20200302,河南,10,0.00%,0.0,0.00%,0.0,核心链路
	#@!JIZCORELINK(84)$:8022-宁城大道-备L2/L3-子架1-23-TPA1EX8-3(TO OTN2002-宁城大道020-TQX-4)-8000-高新-L3-子架1-32-TPA1EX8S-3(OTN8009-高新020-TQX-4),焦作,0.0,20200302,河南,10,0.00%,0.0,0.00%,0.0,核心链路
	#@!JIZCORELINK(84)$:8022-宁城大道-备L2/L3-子架1-23-TPA1EX8-4(TO OTN2002-宁城大道021-TQX-2)-8000-高新-L3-子架1-32-TPA1EX8S-4(OTN8009-高新022-TQX-2),焦作,0.0,20200302,河南,10,0.00%,0.0,0.00%,0.0,核心链路
	#@!JIZCORELINK(84)$:8022-宁城大道-备L2/L3-子架1-23-TPA1EX8-5(PORT-5)-8000-高新-L3-子架1-32-TPA1EX8S-5(PORT-5),焦作,0.0,20200302,河南,10,0.00%,0.0,0.00%,0.0,核心链路
	#@!JIZCORELINK(8)$:8015-沁阳-主L2/3-1-子架1-5-TPA1EX8-4(PORT-4)-8016-锦绣江南-备L2/3-2-子架1-5-TPA1EX8-4(PORT-4),焦作,0.0,20200302,河南,10,0.01%,1.0,0.01%,0.6,核心链路
	#@!JIZCORELINK(8)$:8015-沁阳-主L2/3-1-子架1-5-TPA1EX8-5(PORT-5)-8016-锦绣江南-备L2/3-2-子架1-5-TPA1EX8-5(PORT-5),焦作,0.0,20200302,河南,10,0.01%,1.0,0.00%,0.48,核心链路
	#@!JIZCORELINK(8)$:8015-沁阳-主L2/3-1-子架1-6-TPA1EX8-4(PORT-4)-8016-锦绣江南-备L2/3-2-子架1-6-TPA1EX8-4(PORT-4),焦作,0.0,20200302,河南,10,0.01%,1.0,0.00%,0.12,核心链路
	#@!JIZCORELINK(8)$:8015-沁阳-主L2/3-1-子架1-6-TPA1EX8-5(PORT-5)-8016-锦绣江南-备L2/3-2-子架1-6-TPA1EX8-5(PORT-5),焦作,0.0,20200302,河南,10,0.01%,1.0,0.00%,0.12,核心链路
	#@!JIZCORELINK(8)$:8016-锦绣江南-备L2/3-2-子架1-5-TPA1EX8-2(PORT-2)-8015-沁阳-主L2/3-1-子架1-5-TPA1EX8-2(PORT-2),焦作,0.0,20200302,河南,10,0.68%,68.0,0.54%,53.6,核心链路
	#@!JIZCORELINK(8)$:8016-锦绣江南-备L2/3-2-子架1-5-TPA1EX8-3(PORT-3)-8015-沁阳-主L2/3-1-子架1-5-TPA1EX8-3(PORT-3),焦作,0.0,20200302,河南,10,1.00%,100.0,0.23%,22.67,核心链路
	#@!JIZCORELINK(8)$:8016-锦绣江南-备L2/3-2-子架1-6-TPA1EX8-2(PORT-2)-8015-沁阳-主L2/3-1-子架1-6-TPA1EX8-2(PORT-2),焦作,0.0,20200302,河南,10,0.01%,1.0,0.01%,0.72,核心链路
	#@!JIZCORELINK(8)$:8016-锦绣江南-备L2/3-2-子架1-6-TPA1EX8-3(PORT-3)-8015-沁阳-主L2/3-1-子架1-6-TPA1EX8-3(PORT-3),焦作,0.0,20200302,河南,10,0.01%,1.0,0.02%,1.72,核心链路
	#@!JIZCORELINK(8)$:LTE骨干调度环11-焦作市:8015-沁阳-子架1-6-TPA1EX8-1(PORT-1)-8016-锦绣江南-子架1-6-TPA1EX8-1(PORT-1),焦作,0.0,20200302,河南,10,0.91%,91.0,0.29%,28.7,核心链路
	#@!JIZCORELINK(8)$:LTE骨干调度环11-焦作市:8016-锦绣江南L2/3-2-子架1-5-TPA1EX8-1(PORT-1)-8015-沁阳L2/3-1-子架1-5-TPA1EX8-1(PORT-1),焦作,0.0,20200302,河南,10,2.38%,238.0,2.21%,220.85,核心链路
	#@!JIZCORELINK(9)$:8000-高新-L3-子架1-16-TPA1EX8S-1(OTN8001-高新123-TQX-2)-8016-锦绣江南-备L2/3-2-子架1-4-TPA1EX8-1(OTN4000-温县412-TDX-2),焦作,0.0,20200302,河南,10,0.92%,92.0,0.85%,84.91,核心链路
	#@!JIZCORELINK(9)$:8000-高新-L3-子架1-16-TPA1EX8S-2(OTN8010-高新021-TQX-4)-8016-锦绣江南-备L2/3-2-子架1-4-TPA1EX8-2(OTN6002-锦绣江南021-TQX-2),焦作,0.0,20200302,河南,10,0.01%,1.0,0.00%,0.47,核心链路
	#@!JIZCORELINK(9)$:8000-高新-L3-子架1-16-TPA1EX8S-3(OTN8010-高新020-TQX-3)-8016-锦绣江南-备L2/3-2-子架1-4-TPA1EX8-3(OTN6002-锦绣江南020-TQX-3),焦作,0.0,20200302,河南,10,0.01%,1.0,0.00%,0.47,核心链路
	#@!JIZCORELINK(9)$:8016-锦绣江南-备L2/3-2-子架1-4-TPA1EX8-4(OTN6002-锦绣江南023-TQX-1)-8000-高新-L3-子架1-16-TPA1EX8S-4(OTN8010-高新023-TQX-1),焦作,0.0,20200302,河南,10,0.01%,1.0,0.00%,0.48,核心链路
	#@!JIZCORELINK(9)$:8016-锦绣江南-备L2/3-2-子架1-4-TPA1EX8-5(OTN6002-锦绣江南023-TQX-2)-8000-高新-L3-子架1-16-TPA1EX8S-5(OTN8010-高新023-TQX-2),焦作,0.0,20200302,河南,10,0.01%,1.0,0.00%,0.48,核心链路
LTE骨干调度环1-焦作市:8000-高新-L3-子架1-1-TPA1EX8S-1(TO-GX-PTN6900-16-2-XGE1/0/0)-8001-高新-L2/L3-子架1-0(GigabitEthernet1/0/0),焦作,0.0,20200302,河南,10,0.02%,2.22,0.02%,2.22,核心链路
LTE骨干调度环1-焦作市:8002-生产楼-L3-子架1-1-TPA1EX8S-1(TO-SCL-PTN6900-16-2-XGE1/0/0)-8003-生产楼-L2/L3-子架1-0(GigabitEthernet1/0/0),焦作,0.0,20200302,河南,10,0.45%,45.0,0.12%,12.2,核心链路
LTE骨干调度环1-焦作市:8002-生产楼-L3-子架1-3-TPA1EX8S-1(TO-GX-PTN6900-16-1-XGE6/0/0)-8000-高新-L3-子架1-3-TPA1EX8S-1(TO-SCL-PTN6900-16-1-XGE6/0/0),焦作,0.0,20200302,河南,10,0.01%,1.0,0.00%,0.0,核心链路
武陟县汇聚环5-武陟机房2:3003-澳通苑1-子架1-4-TPA1EX8S-5(PORT-5)-3011-武陟机房2-11-82EX2-1(PORT-1),焦作,0.0,20200302,河南,10,7.39%,739.0,5.64%,563.7,核心链路
武陟县汇聚环5-武陟机房2:3011-武陟2-8-82EX2-1(Port-1)-3000-武陟-13-82EX2-1(Port-1),焦作,0.0,20200302,河南,10,0.00%,0.0,0.00%,0.0,核心链路
武陟县汇聚环6(LTE叠加)-武陟机房2:3003-澳通苑1-子架1-4-TPA1EX8S-6(PORT-6)-3011-武陟机房2-11-82EX2-2(PORT-2),焦作,0.0,20200302,河南,10,7.56%,756.0,6.03%,603.43,核心链路
武陟县汇聚环6(LTE叠加)-武陟机房2:3011-武陟机房2-8-82EX2-2(PORT-2)-3000-武陟-13-82EX2-2(PORT-2),焦作,0.0,20200302,河南,10,0.00%,0.0,0.00%,0.0,核心链路
